Species,IDmaster,ChargeNr,ProbeNr,Ntotal.mg.g.
Adenocarpus foliolosus (Aiton) DC.,1,410,410002,47.63033
Cedronella canariensis (L.) Webb & Berthel.,87,410,410214,47.37355
Adenocarpus foliolosus (Aiton) DC.,1,410,410001,47.04864
Drusa glandulosa (Poir.) Bornm.,133,410,410316,46.74464
Adenocarpus viscosus (Willd.) Webb & Berthel.,2,411,411056,46.74109
Fumaria montana Schmidt,169,410,410398,46.40918
Suaeda vera Forssk. ex J. F. Gmel.,397,410,410919,45.63522
Todaroa montana Webb ex Christ,410,410,410946,45.43524
Adenocarpus foliolosus (Aiton) DC.,1,410,410003,44.43347
Mercurialis canariensis Obbard & S.A. Harris,244,410,410586,43.46198
Descurainia bourgeauana (E. Fourn.) O. E. Schulz,122,410,410290,43.09736
Adenocarpus foliolosus (Aiton) DC.,1,411,411055,41.16529
Crambe strigosa L’Hér.,114,410,410267,40.94376
Withania aristata (Aiton) Pauquy,432,410,410990,40.61156
Mercurialis canariensis Obbard & S.A. Harris,244,410,410585,40.08695
Justicia hyssopifolia L.,202,410,410492,39.86747
Volutaria canariensis Wagenitz,430,410,410984,39.68486
Lobularia canariensis (DC.) L. Borgen,NA,411,411061,39.33114
Heliotropium ramosissimum (Lehm.) DC.,186,410,410448,39.32428
Bosea yervamora L.,65,410,410159,39.18921
Crambe strigosa L’Hér.,114,410,410269,38.93371
Urtica stachyoides Webb & Berthel.,420,410,410963,38.87727
Vicia cirrhosa C. Sm. ex Webb & Berthel.,422,410,410966,38.53533
Adenocarpus viscosus (Willd.) Webb & Berthel.,2,410,410006,38.47023
Adenocarpus viscosus (Willd.) Webb & Berthel.,2,410,410005,38.38799
Scrophularia arguta Sol. ex Aiton,355,410,410816,38.19007
Aspalthium bituminosum,433,410,410992,38.10518
Echium triste Svent.,143,410,410342,38.06188
Erysimum scoparium (Brouss. ex Willd.) Wettst.,155,410,410369,37.84621
Argyranthemum frutescensfrut,NA,411,411031,37.80875
Nepeta teydea Webb & Berthel.,264,410,410619,37.75827
"Patellifolia procumbens (C. Sm. ex Hornem.) A. J. Scott, Ford-Lloyd & J. T. Williams",278,410,410648,37.62953
Canarina canariensis (L.) Vatke,78,410,410187,37.4689
Urtica stachyoides Webb & Berthel.,420,410,410962,37.43092
Artemisia reptans C. Sm. in Buch,44,410,410112,37.35355
Arisarum simorrhinum Durieu in Duch.,40,410,410101,37.17132
Aizoon canariense L.,23,410,410061,36.82751
Arisarum simorrhinum Durieu in Duch.,40,410,410098,36.58875
Arisarum simorrhinum Durieu in Duch.,40,410,410102,36.58592
Artemisia ramosa C. Sm. in Buch,43,410,410109,36.57682
Arisarum simorrhinum Durieu in Duch.,40,410,410099,36.5402
Arisarum simorrhinum Durieu in Duch.,40,410,410100,36.44076
Vicia cirrhosa C. Sm. ex Webb & Berthel.,422,410,410965,36.37816
Argyranthemum adauctum (Link) Humphries,31,410,410074,36.31402
Cedronella canariensis (L.) Webb & Berthel.,87,410,410215,36.2588
Pericallis echinata (L. f.) B. Nord.,283,410,410658,36.131
Todaroa montana Webb ex Christ,410,410,410947,36.10185
Descurainia bourgeauana (E. Fourn.) O. E. Schulz,122,410,410291,36.05057
Nepeta teydea Webb & Berthel.,264,410,410618,36.03214
Descurainia lemsii Bramwell,124,410,410296,35.8747
Aizoon canariense L.,23,410,410060,35.77728
Tamus edulis Lowe,400,410,410923,35.55579
Medicago laciniata (L.) Mill.,240,410,410576,35.51333
Cryptotaenia elegans Webb ex Bolle,116,410,410275,35.29886
Bryonia verrucosa Dryand.,68,410,410165,35.18841
Hypericum grandifolium Choisy,192,410,410467,35.08519
Canarina canariensis (L.) Vatke,78,410,410188,34.94416
Descurainia millefolia (Jacq.)  Webb & Berthel.,125,410,410299,34.92152
Spartocytisus filipes Webb & Berthel.,391,410,410909,34.80277
Cryptotaenia elegans Webb ex Bolle,116,410,410274,34.78841
Medicago laciniata (L.) Mill.,240,410,410575,34.64983
Medicago laciniata (L.) Mill.,240,410,410577,34.57685
Spartocytisus filipes Webb & Berthel.,391,410,410910,34.49056
Descurainia gonzalesii Svent.,123,410,410295,34.4008
Scrophularia arguta Sol. ex Aiton,355,410,410815,34.24785
Argyranthemum broussonetii (Pers.) Humphries,32,410,410077,34.18112
Pericallis lanata (L’Hér.) B. Nord.,284,410,410663,34.07673
Silene lagunensis C. Sm. ex Christ,378,410,410873,33.98259
Sambucus nigra L,348,410,410805,33.95113
Oligomeris linifolia (Vahl) J. F. Macbr.,267,410,410625,33.71571
Heliotropium ramosissimum (Lehm.) DC.,186,410,410447,33.66666
Spartocytisus filipes Webb & Berthel.,391,410,410908,33.62313
Aichryson laxum (Haw.) Bramwell,17,410,410046,33.59703
Cedronella canariensis (L.) Webb & Berthel.,87,410,410216,33.56626
Gonospermum fruticosum (Buch) Less.,173,410,410410,33.54621
Todaroa montana Webb ex Christ,410,410,410948,33.50228
Aichryson pachycaulon Bolle,18,410,410051,33.498
Sonchus acaulis Dum. Cours.,383,410,410885,33.37198
Dactylis metlesicsii Schönfelder & Ludwig,120,410,410284,33.36364
Tolpis lagopoda C. Sm. in Buch,414,410,410951,33.15055
Ononis angustissima Lam.,268,410,410629,33.00364
Descurainia gonzalesii Svent.,123,410,410294,32.9775
Limonium pectinatum (Aiton) Kuntze,220,410,410533,32.97694
Scrophularia arguta Sol. ex Aiton,355,410,410817,32.96955
Erysimum scoparium (Brouss. ex Willd.) Wettst.,155,410,410368,32.91744
Sambucus nigra L,348,410,410804,32.87285
Tinguarra cervariaefolia (DC.) Parl.,408,410,410942,32.68387
Euphorbia lamarckii Sweet,161,410,410380,32.5179
Descurainia bourgeauana (E. Fourn.) O. E. Schulz,122,410,410292,32.42701
Descurainia lemsii Bramwell,124,410,410298,32.42127
Oligomeris linifolia (Vahl) J. F. Macbr.,267,410,410627,32.30019
Erysimum scoparium (Brouss. ex Willd.) Wettst.,155,410,410367,32.29616
Suaeda mollis Delile ,NA,411,411054,32.26616
Dracunculus canariensis Kunth,131,410,410310,31.97225
Cryptotaenia elegans Webb ex Bolle,116,410,410276,31.94923
Crambe strigosa L’Hér.,114,410,410268,31.94668
Lavandula canariensis Mill.,213,410,410515,31.91751
Carex perraudieriana Gay ex Bornm.,83,410,410204,31.88314
Lotus campylocladus Webb & Berthel.,228,410,410543,31.49755
Argyranthemum adauctum (Link) Humphries,31,410,410073,31.36642
Descurainia gonzalesii Svent.,123,410,410293,30.96498
Teline osyrioides (Svent.) P. E. Gibbs & Dingwall,402,410,410928,30.77098
Teline osyrioides (Svent.) P. E. Gibbs & Dingwall,402,410,410929,30.76972
Aizoon canariense L.,23,410,410062,30.74437
Teline stenopetala (Webb & Berthel.) Webb & Berthel.,405,410,410933,30.61702
Reseda scoparia Brouss. ex Willd.,326,410,410752,30.53006
Hypericum grandifolium Choisy,192,410,410466,30.52095
Lotus campylocladus Webb & Berthel.,228,410,410545,30.36166
Parolinia intermedia Svent. & Bramwell,275,410,410640,30.2767
Mercurialis canariensis Obbard & S.A. Harris,244,410,410587,30.24592
Lotus campylocladus Webb & Berthel.,228,410,410544,30.24107
Arrhenatherum calderae A. Hansen,42,410,410107,30.10482
Tinguarra cervariaefolia (DC.) Parl.,408,410,410941,30.06857
Artemisia reptans C. Sm. in Buch,44,410,410113,30.03123
Dactylis metlesicsii Schönfelder & Ludwig,120,410,410285,29.97197
Viola kitaibeliana Schult. in Roem. & Schult.,427,410,410979,29.96028
Geranium reuteri Aedo & Muñoz Garm.,170,410,410401,29.82741
Monanthes pallens (Webb ex Christ) Christ,258,410,410611,29.8252
Justicia hyssopifolia L.,202,410,410491,29.79283
Dracunculus canariensis Kunth,131,410,410312,29.78866
Rubus bollei Focke,335,410,410775,29.76421
Scrophularia smithii Hornem.,357,410,410822,29.68807
Pericallis tussilaginis (L’Hér.) D. Don in Sweet,286,410,410664,29.68168
Atalanthus microcarpus (Boulos) A. Hansen & Sunding,57,410,410143,29.5915
Parolinia intermedia Svent. & Bramwell,275,410,410641,29.57168
Ceballosia fruticosa (L. f.) G. Kunkel,86,410,410211,29.5457
Carduus clavulatus Link,79,410,410190,29.5351
Fumaria coccinea Lowe ex Pugsley,168,410,410397,29.47203
Geranium reuteri Aedo & Muñoz Garm.,170,410,410403,29.45234
Viola kitaibeliana Schult. in Roem. & Schult.,427,410,410980,29.43507
Echium bonnetii Coincy,137,410,410330,29.39661
Pericallis cruenta (L’Hér.) Bolle,282,410,410655,29.39025
Forsskaolea angustifolia Retz.,165,410,410388,29.33111
Pericallis echinata (L. f.) B. Nord.,283,410,410660,29.32245
Sonchus canariensis (Sch. Bip.) Boulos,384,410,410888,29.22717
Argyranthemum broussonetii (Pers.) Humphries,32,410,410075,29.16306
Dactylis metlesicsii Schönfelder & Ludwig,120,410,410283,28.99946
Teline osyrioides (Svent.) P. E. Gibbs & Dingwall,402,410,410930,28.97032
Lotus berthelotii Masf.,227,410,410542,28.95326
Lobularia canariensis (DC.) L. Borgen,NA,410,410539,28.93559
Dorycnium spectabile (Choisy ex Ser. in DC.) Webb & Berthel.,129,410,410307,28.91688
Dorycnium spectabile (Choisy ex Ser. in DC.) Webb & Berthel.,129,410,410305,28.8942
Lobularia canariensis (DC.) L. Borgen,NA,410,410537,28.88774
Salvia canariensis L.,347,410,410801,28.86389
Pericallis lanata (L’Hér.) B. Nord.,284,410,410661,28.85303
Scrophularia smithii Hornem.,357,410,410821,28.84521
Dorycnium spectabile (Choisy ex Ser. in DC.) Webb & Berthel.,129,410,410306,28.7594
Lobularia canariensis (DC.) L. Borgen,NA,410,410538,28.75503
Aichryson laxum (Haw.) Bramwell,17,410,410047,28.74805
Rumex lunaria L.,338,410,410784,28.73984
Argyranthemum gracile Sch. Bip.,36,410,410088,28.59258
Lobularia canariensis (DC.) L. Borgen,NA,410,410540,28.59238
Descurainia millefolia (Jacq.)  Webb & Berthel.,125,410,410300,28.47327
Ranunculus cortusifolius Willd.,323,410,410743,28.46651
Erigeron calderae A. Hansen,151,410,410362,28.44206
Chamaecytisus proliferus (L. f.) Link,91,410,410224,28.42606
Argyranthemum lemsii Humphries,37,410,410091,28.35469
Habenaria tridactylites Lindl.,179,410,410431,28.35103
Habenaria tridactylites Lindl.,179,410,410430,28.30965
Chamaecytisus proliferus (L. f.) Link,91,410,410223,28.25032
Tamarix canariensis Willd.,399,410,410922,28.24887
Habenaria tridactylites Lindl.,179,410,410429,28.22525
Argyranthemum adauctum (Link) Humphries,31,410,410072,28.20715
Erysimum bicolor (Hornem.) DC.,154,410,410366,28.1929
Oligomeris linifolia (Vahl) J. F. Macbr.,267,410,410626,28.18184
Carduus clavulatus Link,79,410,410192,28.15682
Reseda scoparia Brouss. ex Willd.,326,410,410750,28.02743
Urtica morifolia Poir.,419,410,410960,27.95527
Pimpinella cumbrae Link,296,410,410684,27.9376
Dactylis metlesicsii Schönfelder & Ludwig,120,410,410286,27.77127
Lotus hybrid,NA,411,411030,27.76271
Rumex maderensis Lowe,339,410,410785,27.75737
Artemisia thuscula Cav.,45,410,410117,27.71349
Pericallis tussilaginis (L’Hér.) D. Don in Sweet,286,410,410666,27.67011
Artemisia reptans C. Sm. in Buch,44,410,410114,27.66963
Sonchus gummifer Link,387,410,410901,27.66241
Teline canariensis (L.) Webb & Berthel.,401,410,410926,27.62481
Teline canariensis (L.) Webb & Berthel.,401,410,410924,27.61397
Erysimum bicolor (Hornem.) DC.,154,410,410364,27.60787
Habenaria tridactylites Lindl.,179,410,410432,27.59848
Tolpis webbii Sch. Bip. ex Webb & Berthel.,415,410,410952,27.56927
Habenaria tridactylites Lindl.,179,410,410433,27.51928
Pericallis cruenta (L’Hér.) Bolle,282,410,410657,27.51305
Monanthes pallens (Webb ex Christ) Christ,258,410,410613,27.50272
Vicia scandens R. P. Murray,423,410,410968,27.46719
Salvia aegyptiaca L.,345,411,411068,27.43536
Erysimum bicolor (Hornem.) DC.,154,410,410365,27.36568
Aspalthium bituminosum,433,410,410993,27.35558
Crambe arborea Webb ex Christ,111,410,410262,27.34023
Melica ciliata L.,242,410,410580,27.32021
Urtica stachyoides Webb & Berthel.,420,410,410961,27.12206
Arrhenatherum calderae A. Hansen,42,410,410108,27.0777
Ranunculus cortusifolius Willd.,323,410,410740,26.99661
Teline canariensis (L.) Webb & Berthel.,401,410,410927,26.92495
Descurainia lemsii Bramwell,124,410,410297,26.90537
Salix canariensis C. Sm. ex Link,342,410,410792,26.81682
Asparagus scoparius Lowe,51,411,411037,26.81187
Melica ciliata L.,242,410,410579,26.80228
Melica ciliata L.,242,410,410581,26.79972
Pericallis cruenta (L’Hér.) Bolle,282,410,410656,26.77297
Crambe arborea Webb ex Christ,111,410,410263,26.77219
Lotus campylocladus Webb & Berthel.,228,411,411043,26.75786
Scrophularia smithii Hornem.,357,410,410823,26.69482
Echium strictum L. f.,141,410,410340,26.66881
Echium auberianum Webb & Berthel.,136,410,410326,26.66735
Pancratium canariense Ker-Gawl.,273,410,410635,26.66352
Echium simplex DC.,140,410,410336,26.61323
Lavatera acerifolia Cav.,215,410,410524,26.59079
Asparagus plocamoides Webb ex Svent.,50,410,410128,26.56823
Olea cerasiformis Rivas-Mart. & del Arco,NA,410,410624,26.41936
Melica ciliata L.,242,410,410578,26.41542
Argyranthemum tenerifae Humphries,39,410,410095,26.40024
Crambe scaberrima Webb ex Bramwell,113,410,410264,26.39552
Teline canariensis (L.) Webb & Berthel.,401,410,410925,26.36889
Euphorbia lamarckii Sweet,161,410,410379,26.34585
Fumaria montana Schmidt,169,410,410399,26.32101
Marcetella moquiniana (Webb & Berthel.) Svent.,238,410,410571,26.31814
Erigeron calderae A. Hansen,151,410,410363,26.262
Chamaecytisus proliferus (L. f.) Link,91,410,410225,26.21793
Vicia cirrhosa C. Sm. ex Webb & Berthel.,422,410,410967,26.14261
Pimpinella anagodendron Bolle,295,410,410682,26.13379
Chenoleoides tomentosa (Lowe) Botsch.,99,410,410239,26.00983
Echium simplex DC.,140,410,410338,25.9259
Dactylis smithii Link,121,410,410288,25.75484
Canarina canariensis (L.) Vatke,78,410,410189,25.71509
Marcetella moquiniana (Webb & Berthel.) Svent.,238,410,410570,25.69736
Fumaria montana Schmidt,169,410,410400,25.68981
Mairetis microsperma (Boiss.) I. M. Johnst.,237,410,410568,25.66993
Dactylis smithii Link,121,410,410289,25.66159
Salix canariensis C. Sm. ex Link,342,410,410791,25.64296
Viola kitaibeliana Schult. in Roem. & Schult.,427,410,410978,25.63492
Sonchus canariensis (Sch. Bip.) Boulos,384,410,410890,25.59292
Dactylis smithii Link,121,410,410287,25.45489
Limonium macrophyllum (Brouss.) Kuntze,219,410,410531,25.45228
Sideritis macrostachys Poir.,372,410,410857,25.43691
Rubus bollei Focke,335,410,410774,25.3711
Bufonia paniculata F. Dubois ex Delarbre,69,410,410167,25.35198
Erigeron calderae A. Hansen,151,410,410361,25.33766
Helianthemum broussonetii Dunal ex DC.,182,410,410439,25.33344
Tamarix canariensis Willd.,399,410,410920,25.30987
Sonchus congestus Willd.,385,410,410892,25.30926
Echium auberianum Webb & Berthel.,136,410,410327,25.25669
Helianthemum juliae Wildpret,184,410,410446,25.2422
Andryala pinnatifida Aiton,27,410,410066,25.2382
Descurainia millefolia (Jacq.)  Webb & Berthel.,125,410,410301,25.11538
Lotus mascaensis Burchard,232,411,411044,25.0616
Sonchus congestus Willd.,385,410,410891,25.01811
Lotus sessilifolius DC.,233,410,410555,25.01354
Withania aristata (Aiton) Pauquy,432,410,410991,25.00176
Crambe scaberrima Webb ex Bramwell,113,410,410265,24.98497
Rubus bollei Focke,335,410,410773,24.97817
Convolvulus fruticulosus Desr.,107,410,410252,24.95679
Teline pallida (Poir.) G. Kunkel,403,410,410931,24.94787
Tinguarra cervariaefolia (DC.) Parl.,408,410,410940,24.93004
Rumex bucephalophorus L.,337,410,410780,24.86504
Asparagus plocamoides Webb ex Svent.,50,410,410127,24.86481
Pericallis lanata (L’Hér.) B. Nord.,284,410,410662,24.84312
Drusa glandulosa (Poir.) Bornm.,133,410,410318,24.82065
"Lotus tenellus (Lowe) Sandral, A. Santos & D.D. Sokoloff",234,411,411062,24.74498
Hypericum glandulosum Aiton,191,410,410459,24.72416
Echium auberianum Webb & Berthel.,136,410,410325,24.65913
Lotus sessilifolius DC.,233,410,410557,24.62858
Arrhenatherum calderae A. Hansen,42,410,410106,24.61313
Pimpinella cumbrae Link,296,410,410683,24.59315
Rumex bucephalophorus L.,337,410,410779,24.58436
Silene lagunensis C. Sm. ex Christ,378,410,410872,24.54915
Schizogyne sericea (L. f.) DC.,351,410,410810,24.54748
Sideritis macrostachys Poir.,372,410,410856,24.53676
Dracunculus canariensis Kunth,131,410,410311,24.52662
Sanguisorba megacarpa (Lowe) Muñoz Garm. & C. Navarro,349,410,410808,24.4677
Ceropegia fusca Bolle,90,410,410220,24.46199
Mairetis microsperma (Boiss.) I. M. Johnst.,237,410,410569,24.46074
Artemisia ramosa C. Sm. in Buch,43,410,410110,24.43377
Hypericum canariense L.,190,410,410456,24.40484
Tamarix canariensis Willd.,399,410,410921,24.3491
Lotus mascaensis Burchard,232,410,410553,24.30939
Cheirolophus burchardii Susanna,92,410,410228,24.26541
Forsskaolea angustifolia Retz.,165,410,410387,24.24201
Senecio teneriffae Sch. Bip.,360,410,410830,24.23673
Argyranthemum broussonetii (Pers.) Humphries,32,410,410076,24.19738
Bupleurum salicifolium R. Br. in Buch,70,410,410170,24.19322
Lotus sessilifolius DC.,233,410,410554,24.18555
Lotus mascaensis Burchard,232,410,410552,24.16533
Volutaria canariensis Wagenitz,430,410,410985,24.11169
Silene lagunensis C. Sm. ex Christ,378,410,410871,24.07561
Sideritis oroteneriffae Negrín & P. Pérez,374,410,410863,24.06764
Monanthes polyphylla Haw.,259,410,410615,24.06021
Plantago arborescens Poir.,302,410,410700,24.05061
Teline stenopetala (Webb & Berthel.) Webb & Berthel.,405,410,410932,24.03588
Echium strictum L. f.,141,410,410339,23.99139
Phyllis viscosa Webb ex Christ,293,410,410676,23.97839
Convolvulus floridus L. f.,106,410,410249,23.96477
Argyranthemum coronopifolium (Willd.) Humphries,33,410,410079,23.94803
Sonchus acaulis Dum. Cours.,383,410,410886,23.91728
Convolvulus fruticulosus Desr.,107,410,410253,23.86682
Bufonia paniculata F. Dubois ex Delarbre,69,410,410166,23.85303
Cheirolophus teydis (C. Sm. in Buch) G. López,96,410,410231,23.84623
Echium giganteum L. f.,138,410,410331,23.82676
Tolpis webbii Sch. Bip. ex Webb & Berthel.,415,410,410954,23.81917
Euphorbia lamarckii Sweet,161,410,410381,23.7903
Hypericum grandifolium Choisy,192,410,410465,23.76332
Sideritis soluta Clos,375,410,410864,23.74243
Todaroa aurea Parl.,409,410,410943,23.73165
Ranunculus cortusifolius Willd.,323,410,410742,23.58353
Sonchus gummifer Link,387,410,410899,23.56054
Rhamnus glandulosa Aiton,329,410,410758,23.53334
Helianthemum canariense (Jacq.) Pers.,183,410,410441,23.49118
Rumex maderensis Lowe,339,410,410787,23.41198
Echium strictum L. f.,141,410,410341,23.37155
Rumex bucephalophorus L.,337,410,410781,23.36315
Kleinia neriifolia Haw.,205,410,410503,23.31406
Parolinia intermedia Svent. & Bramwell,275,410,410642,23.25881
Rhamnus glandulosa Aiton,329,410,410759,23.12003
Artemisia ramosa C. Sm. in Buch,43,410,410111,23.11349
Pimpinella anagodendron Bolle,295,410,410680,23.06622
Fumaria coccinea Lowe ex Pugsley,168,410,410396,22.98351
Convolvulus fruticulosus Desr.,107,410,410254,22.97372
Lavatera acerifolia Cav.,215,410,410523,22.91204
Cheirolophus teydis (C. Sm. in Buch) G. López,96,410,410233,22.88295
Bystropogon plumosus (L. f.) L’Hér.,75,410,410179,22.85425
Volutaria canariensis Wagenitz,430,410,410986,22.85321
Bencomia exstipulata Svent.,64,410,410158,22.80547
Rubus palmensis A. Hansen,336,410,410776,22.76885
Tolpis webbii Sch. Bip. ex Webb & Berthel.,415,410,410953,22.76604
Helianthemum juliae Wildpret,184,410,410445,22.74816
Argyranthemum broussonetii (Pers.) Humphries,32,410,410078,22.72946
Sideritis canariensis L.,364,410,410837,22.72319
Geranium reuteri Aedo & Muñoz Garm.,170,410,410402,22.70718
Mairetis microsperma (Boiss.) I. M. Johnst.,237,410,410567,22.69103
Argyranthemum coronopifolium (Willd.) Humphries,33,410,410081,22.6701
Lotus sessilifolius DC.,233,410,410556,22.6566
Sideritis soluta Clos,375,410,410865,22.63336
Ononis angustissima Lam.,268,410,410628,22.58452
Plantago arborescens Poir.,302,411,411067,22.58273
Viola anagae Gilli,425,410,410974,22.50965
Schizogyne sericea (L. f.) DC.,351,410,410809,22.49883
Limonium macrophyllum (Brouss.) Kuntze,219,410,410530,22.49285
Tolpis lagopoda C. Sm. in Buch,414,410,410950,22.45441
Monanthes pallens (Webb ex Christ) Christ,258,410,410612,22.42535
Sideritis canariensis L.,364,410,410838,22.39938
Bosea yervamora L.,65,410,410161,22.35852
Frankenia ericifolia C. Sm. ex DC.,167,411,411060,22.33244
Bystropogon origanifolius L’Hér.,74,410,410175,22.30729
Paronychia canariensis (L. f.) Juss.,276,410,410643,22.28953
Kleinia neriifolia Haw.,205,410,410502,22.27896
Hypericum perforatum,445,411,411023,22.23873
Daphne gnidium,440,411,411016,22.2149
Helianthemum juliae Wildpret,184,410,410444,22.16609
Lotus maculatus Breitf.,231,410,410549,22.16062
Asparagus scoparius Lowe,51,410,410130,22.1472
Carex canariensis Kük.,81,410,410197,22.14579
Bencomia caudata (Aiton) Webb & Berthel.,63,410,410155,22.06474
Pimpinella cumbrae Link,296,410,410685,22.03886
Allium canariense,435,410,410999,22.00405
Fumaria coccinea Lowe ex Pugsley,168,410,410395,21.98642
Pimpinella anagodendron Bolle,295,410,410681,21.98077
Isoplexis canariensis (L.) J. W. Loudon,197,410,410477,21.94716
Crambe arborea Webb ex Christ,111,410,410261,21.94509
Cheirolophus teydis (C. Sm. in Buch) G. López,96,410,410232,21.93199
Rhus coriaria L.,331,410,410764,21.89676
Justicia hyssopifolia L.,202,410,410493,21.82025
Pterocephalus dumetorus (Brouss. ex Willd.) Coult.,320,410,410731,21.81819
Pancratium canariense Ker-Gawl.,273,410,410637,21.81283
Aichryson pachycaulon Bolle,18,410,410050,21.81119
Scilla haemorrhoidalis Webb & Berthel.,353,410,410814,21.80464
Hypericum perforatum,445,411,411022,21.75425
Sideritis canariensis L.,364,410,410839,21.73954
Ranunculus cortusifolius Willd.,323,410,410741,21.73414
Atalanthus microcarpus (Boulos) A. Hansen & Sunding,57,410,410144,21.73015
Echium leucophaeum Webb ex Sprague & Hutch.,139,410,410334,21.7191
Pericallis echinata (L. f.) B. Nord.,283,410,410659,21.69974
Sonchus gummifer Link,387,410,410900,21.6737
Stachys germanica L.,393,410,410915,21.65862
Carex perraudieriana Gay ex Bornm.,83,410,410203,21.6464
Forsskaolea angustifolia Retz.,165,410,410389,21.61275
Micromeria teneriffae (Poir.) Benth.,250,410,410595,21.60462
Todaroa aurea Parl.,409,410,410944,21.58804
Carex perraudieriana Gay ex Bornm.,83,410,410202,21.52859
Todaroa aurea Parl.,409,410,410945,21.49379
"Patellifolia patellaris (Moq.) A. J. Scott, Ford-Lloyd & J. T. Williams",277,410,410646,21.48646
Viola anagae Gilli,425,410,410972,21.47261
Pancratium canariense Ker-Gawl.,273,410,410636,21.46781
Stachys germanica L.,393,410,410914,21.4629
Schizogyne sericea (L. f.) DC.,351,410,410811,21.4581
Ferula linkii Webb,163,410,410384,21.45614
Sonchus congestus Willd.,385,410,410893,21.43645
Micromeria varia Benth.,251,410,410596,21.40801
Scilla haemorrhoidalis Webb & Berthel.,353,410,410813,21.40001
Phagnalon umbelliforme DC.,289,410,410671,21.3972
Phyllis nobla L.,292,410,410674,21.36189
Convolvulus perraudieri Coss.,108,410,410255,21.35893
Limonium pectinatum (Aiton) Kuntze,220,410,410535,21.35229
Isoplexis canariensis (L.) J. W. Loudon,197,410,410478,21.34347
Bupleurum salicifolium R. Br. in Buch,70,410,410169,21.31394
Sanguisorba megacarpa (Lowe) Muñoz Garm. & C. Navarro,349,410,410807,21.21028
Euphorbia mellifera Aiton,162,410,410383,21.17384
Allium canariense,435,410,410998,21.16511
Polycarpaea nivea (Aiton) Webb,314,410,410724,21.03321
Lotus maculatus Breitf.,231,410,410550,21.02893
Convolvulus canariensis L.,105,410,410248,20.98677
Atalanthus microcarpus (Boulos) A. Hansen & Sunding,57,410,410145,20.98671
Ononis angustissima Lam.,268,410,410630,20.98238
"Patellifolia patellaris (Moq.) A. J. Scott, Ford-Lloyd & J. T. Williams",277,410,410647,20.9787
Rhus coriaria L.,331,410,410763,20.93366
Bufonia paniculata F. Dubois ex Delarbre,69,410,410168,20.91576
Kleinia neriifolia Haw.,205,410,410501,20.89713
Orchis patens Desf.,270,410,410631,20.89368
Smilax canariensis Willd.,381,410,410878,20.77198
Allium canariense,435,411,411002,20.76212
Pimpinella dendrotragium Webb,297,410,410687,20.74321
Ebingeria elegans (Lowe) Chrtek & Krísa,134,410,410321,20.73025
Andryala pinnatifida Aiton,27,410,410065,20.71711
Polycarpaea latifolia Willd.,313,410,410722,20.71514
Hypericum perforatum,445,411,411021,20.70951
Allium canariense,435,411,411001,20.70282
Viola anagae Gilli,425,410,410973,20.69503
Cistus osbaeckiaefolius Webb ex Christ,103,410,410240,20.66028
Smilax aspera L.,380,410,410877,20.63603
Ebingeria elegans (Lowe) Chrtek & Krísa,134,410,410319,20.60725
Rumex lunaria L.,338,410,410783,20.60182
Ixanthus viscosus (Sm.) Griseb.,198,410,410479,20.59119
Rhus coriaria L.,331,410,410765,20.59051
Cheirolophus webbianus (Sch. Bip.) Holub,97,410,410235,20.58913
Polycarpaea latifolia Willd.,313,410,410723,20.56193
Euphorbia balsamifera Aiton,158,410,410374,20.54868
Solanum vespertilio Aiton,382,410,410881,20.54113
Teucrium heterophyllum L’Hér.,407,410,410938,20.50903
Polycarpaea latifolia Willd.,313,410,410721,20.49285
Navaea phoenicea (Vent.) Webb & Berthel.,263,410,410617,20.47357
Romulea columnae Sebast. & Mauri,332,410,410768,20.46552
Chenoleoides tomentosa (Lowe) Botsch.,99,410,410237,20.45306
Pimpinella dendrotragium Webb,297,410,410688,20.42707
Daphne gnidium,440,411,411015,20.42397
"Patellifolia webbiana (Moq.) A. J. Scott, Ford-Lloyd & J. T. Williams",279,410,410651,20.40478
Chenoleoides tomentosa (Lowe) Botsch.,99,410,410238,20.38207
Geranium canariense,NA,411,411050,20.36645
Hypericum canariense L.,190,410,410458,20.35953
Convolvulus canariensis L.,105,410,410247,20.34032
Senecio teneriffae Sch. Bip.,360,410,410831,20.33334
Cheirolophus canariensis (Brouss. ex Willd.) Holub,93,410,410230,20.33287
Cheirolophus burchardii Susanna,92,410,410227,20.31465
Argyranthemum vincentii,439,411,411012,20.28193
Pistacia atlantica Desf.,300,410,410695,20.27403
"Patellifolia webbiana (Moq.) A. J. Scott, Ford-Lloyd & J. T. Williams",279,410,410650,20.27141
Phyllis nobla L.,292,410,410675,20.26863
Bystropogon origanifolius L’Hér.,74,410,410177,20.26375
Reichardia crystallina (Sch. Bip.) Bramwell,324,410,410746,20.25413
Scrophularia glabrata Aiton,356,410,410820,20.2418
Lotus mascaensis Burchard,232,410,410551,20.23163
Pimpinella rupicola Svent.,298,410,410690,20.186
Brachypodium arbuscula Knoche,66,410,410164,20.18081
"Laurus novocanariensis Rivas-Mart., Lousa, Fern. Prieto, E. Días, J.C. Costa & C. Aguiar",211,410,410510,20.16392
Bupleurum salicifolium R. Br. in Buch,70,410,410171,20.16258
Aeonium spathulatum (Hornem.) Praeger,13,410,410036,20.16113
Atalanthus arboreus (DC.) Sw.,55,410,410137,20.15962
Argyranthemum vincentii,439,411,411013,20.11688
Seseli webbii Coss.,362,410,410832,20.0909
Herniaria canariensis Chaudhri,187,410,410450,20.08463
Rhamnus crenulata Aiton,328,410,410757,20.08027
"Patellifolia webbiana (Moq.) A. J. Scott, Ford-Lloyd & J. T. Williams",279,410,410649,20.0532
Gymnocarpos decandrus Forssk.,178,410,410427,20.04973
Herniaria canariensis Chaudhri,187,410,410451,19.95729
Allium canariense,435,410,410997,19.95244
Scrophularia glabrata Aiton,356,410,410818,19.9304
Sonchus congestus Willd.,385,410,410894,19.92915
Kickxia sagittata (Poir.) Rothm.,203,410,410494,19.91407
Phyllis nobla L.,292,410,410673,19.91179
Stachys germanica L.,393,410,410916,19.90315
Solanum vespertilio Aiton,382,410,410882,19.89616
Aristida adscensionis L.,41,410,410103,19.88412
Pimpinella rupicola Svent.,298,410,410689,19.81749
Pimpinella dendrotragium Webb,297,410,410686,19.81394
Ephedra fragilis Desf.,147,410,410353,19.81154
Viola cheiranthifolia Humb. & Bonpl.,426,410,410975,19.73043
Lavandula canariensis Mill.,213,410,410517,19.72951
Sideritis dendro-chahorra Bolle,367,410,410845,19.71617
Frankenia capitata Webb & Berthel.,166,410,410390,19.70131
Carex paniculata L.,82,410,410201,19.6621
Bencomia exstipulata Svent.,64,410,410157,19.63078
Frankenia ericifolia C. Sm. ex DC.,167,410,410394,19.62097
Echium simplex DC.,140,410,410337,19.61683
Scrophularia glabrata Aiton,356,410,410819,19.60943
Orchis patens Desf.,270,410,410632,19.60327
Ruta pinnata L. f.,341,410,410789,19.59871
Isoplexis canariensis (L.) J. W. Loudon,197,410,410476,19.57748
Gymnocarpos decandrus Forssk.,178,410,410426,19.54619
Echium triste Svent.,143,410,410343,19.54447
Argyranthemum tenerifae Humphries,39,410,410096,19.52201
Scilla haemorrhoidalis Webb & Berthel.,353,410,410812,19.52021
Gesnouinia arborea (L. f.) Gaudich.,171,410,410406,19.50613
Hypericum glandulosum Aiton,191,410,410460,19.49919
Nepeta teydea Webb & Berthel.,264,410,410620,19.45412
Maytenus canariensis (Loes.) G. Kunkel & Sunding,239,410,410574,19.4403
Carex canariensis Kük.,81,410,410198,19.41402
Lavandula canariensis Mill.,213,410,410518,19.40699
Carlina xeranthemoides L. f.,85,410,410209,19.40378
Wahlenbergia lobelioides (L. f.) Link,431,410,410988,19.28846
Helianthemum broussonetii Dunal ex DC.,182,410,410438,19.26255
Sanguisorba megacarpa (Lowe) Muñoz Garm. & C. Navarro,349,410,410806,19.23846
Convolvulus scoparius L. f.,109,410,410258,19.23598
Asparagus umbellatus Link,52,410,410131,19.23466
Sideritis cretica L.,365,410,410840,19.23275
Argyranthemum frutescens (L.) Sch. Bip.,35,410,410086,19.22957
Seseli webbii Coss.,362,410,410833,19.21895
Gesnouinia arborea (L. f.) Gaudich.,171,410,410405,19.19923
Lotus dumetorum Webb ex R. P. Murray,229,410,410547,19.19129
Romulea columnae Sebast. & Mauri,332,410,410766,19.19107
Atalanthus pinnatus (L. f.) D. Don,58,410,410146,19.19053
Sideritis dendro-chahorra Bolle,367,410,410844,19.16366
Sideritis santosii,437,411,411005,19.14273
Salvia canariensis L.,347,410,410803,19.10942
Gymnocarpos decandrus Forssk.,178,410,410428,19.09678
Argyranthemum vincentii,439,411,411011,19.02566
Hypericum reflexum L. f.,193,410,410468,19.02254
Salvia canariensis L.,347,410,410802,19.02086
Sideritis santosii,437,411,411006,18.95542
Limonium pectinatum (Aiton) Kuntze,220,410,410534,18.94979
Sideritis dendro-chahorra Bolle,367,410,410843,18.85727
Atalanthus pinnatus (L. f.) D. Don,58,410,410148,18.82632
Convolvulus perraudieri Coss.,108,410,410257,18.76833
Ebingeria elegans (Lowe) Chrtek & Krísa,134,410,410320,18.74632
Ruta pinnata L. f.,341,410,410788,18.73437
Lotus dumetorum Webb ex R. P. Murray,229,410,410546,18.69849
Bystropogon origanifolius L’Hér.,74,410,410176,18.69712
Sonchus acaulis Dum. Cours.,383,410,410887,18.69303
Hypericum glandulosum Aiton,191,410,410461,18.68095
Sonchus gummifer Link,387,410,410898,18.67463
Argyranthemum lemsii Humphries,37,410,410093,18.66119
Romulea columnae Sebast. & Mauri,332,410,410767,18.6595
Asparagus umbellatus Link,52,410,410133,18.65798
Spartocytisus supranubius (L. f.) Christ ex G. Kunkel,392,410,410913,18.65163
Cheirolophus burchardii Susanna,92,410,410226,18.63374
Sideritis santosii,437,411,411007,18.6228
Pimpinella rupicola Svent.,298,410,410691,18.59446
Cheirolophus webbianus (Sch. Bip.) Holub,97,410,410236,18.58104
Reseda scoparia Brouss. ex Willd.,326,410,410751,18.55202
Pericallis appendiculata (L. f.) B. Nord.,281,410,410654,18.52058
Lycium intricatum Boiss.,236,410,410564,18.50917
Sonchus canariensis (Sch. Bip.) Boulos,384,410,410889,18.46817
Convolvulus perraudieri Coss.,108,410,410256,18.37844
Drimia maritima (L.) Stearn,132,410,410313,18.31809
Gonospermum fruticosum (Buch) Less.,173,410,410411,18.30882
Limonium pectinatum (Aiton) Kuntze,220,410,410536,18.2655
Pericallis tussilaginis (L’Hér.) D. Don in Sweet,286,410,410665,18.24881
Astydamia latifolia (L. f.) Baill.,54,410,410134,18.21965
Atalanthus capillaris (Svent.) A. Hansen & Sunding,56,410,410140,18.20301
Limonium macrophyllum (Brouss.) Kuntze,219,410,410532,18.19956
Smilax canariensis Willd.,381,410,410879,18.19292
Echium wildpretii Pearson ex Hook. f.,145,410,410352,18.1669
"Lotus tenellus (Lowe) Sandral, A. Santos & D.D. Sokoloff",234,411,411063,18.14254
Carlina xeranthemoides L. f.,85,410,410210,18.119
Smilax canariensis Willd.,381,410,410880,18.10675
Argyranthemum gracile Sch. Bip.,36,410,410089,18.0944
Euphorbia atropurpurea (Brouss.) Webb & Berthel.,157,410,410372,18.08736
Crithmum maritimum L.,115,410,410273,18.05728
Brachypodium arbuscula Knoche,66,410,410162,18.05232
Tricholaena teneriffae (L. f.) Link,417,410,410956,18.03193
Launaea arborescens (Batt.) Murb.,210,410,410506,18.02382
Solanum vespertilio Aiton,382,410,410884,17.96899
Tricholaena teneriffae (L. f.) Link,417,410,410955,17.93856
Jasminum odoratissimum L.,199,410,410484,17.91833
Bencomia caudata (Aiton) Webb & Berthel.,63,410,410154,17.91512
Aristida adscensionis L.,41,410,410105,17.90755
Helianthemum broussonetii Dunal ex DC.,182,410,410440,17.90561
Pterocephalus virens Webb & Berthel.,322,410,410737,17.86738
Carduus volutarioides Reyes-Betancort,80,410,410193,17.85981
Cistus osbaeckiaefolius Webb ex Christ,103,410,410241,17.84704
Bencomia caudata (Aiton) Webb & Berthel.,63,410,410153,17.82154
Seseli webbii Coss.,362,410,410834,17.81363
Euphorbia bourgeauana Gay ex Boiss. in DC.,159,410,410377,17.80516
"Lotus tenellus (Lowe) Sandral, A. Santos & D.D. Sokoloff",234,411,411064,17.77718
Tricholaena teneriffae (L. f.) Link,417,410,410959,17.76354
Lycium intricatum Boiss.,236,410,410566,17.76023
Cheirolophus webbianus (Sch. Bip.) Holub,97,410,410234,17.75761
Pterocephalus lasiospermus Link ex Buch,321,410,410735,17.74174
Semele androgyna (L.) Kunth,358,410,410824,17.71992
Rumex lunaria L.,338,410,410782,17.70279
Sonchus radicatus Aiton,388,410,410904,17.65471
Rubia fruticosa Aiton,333,410,410769,17.62557
Carex canariensis Kük.,81,410,410196,17.61768
Sideritis brevicaulis Mend.-Heuer,363,411,411048,17.61321
Wahlenbergia lobelioides (L. f.) Link,431,410,410987,17.60144
Lycium intricatum Boiss.,236,410,410565,17.59885
Ceballosia fruticosa (L. f.) G. Kunkel,86,410,410212,17.5959
Asparagus arborescens Willd.,47,410,410119,17.56822
Pterocephalus lasiospermus Link ex Buch,321,410,410734,17.55471
Asparagus umbellatus Link,52,410,410132,17.50617
Monanthes pallens (Webb ex Christ) Christ,258,410,410609,17.49847
Tricholaena teneriffae (L. f.) Link,417,410,410957,17.48642
Pericallis appendiculata (L. f.) B. Nord.,281,410,410652,17.48153
Campanula dichotoma L.,76,410,410181,17.46589
Semele androgyna (L.) Kunth,358,410,410825,17.46258
Sonchus tectifolius Svent.,389,410,410906,17.4526
Pterocephalus lasiospermus Link ex Buch,321,410,410736,17.44905
Pericallis appendiculata (L. f.) B. Nord.,281,410,410653,17.43063
Melica minuta L.,243,410,410583,17.3815
Tricholaena teneriffae (L. f.) Link,417,410,410958,17.33856
Aeonium ciliatum (Willd.) Webb & Berthel.,5,411,411057,17.31876
Heliotropium ramosissimum (Lehm.) DC.,186,410,410449,17.24907
Silene berthelotiana Webb,377,410,410868,17.20254
Melica minuta L.,243,410,410584,17.16411
Bystropogon plumosus (L. f.) L’Hér.,75,410,410178,17.16334
Argyranthemum sundingii L. Borgen,38,410,410094,17.14525
Drusa glandulosa (Poir.) Bornm.,133,410,410317,17.13087
Juniperus turbinata Guss.,201,410,410488,17.11418
Cheirolophus canariensis (Brouss. ex Willd.) Holub,93,410,410229,17.03639
Launaea arborescens (Batt.) Murb.,210,410,410508,17.02495
Ruta pinnata L. f.,341,410,410790,16.97917
Argyranthemum tenerifae Humphries,39,410,410097,16.93996
Sideritis macrostachys Poir.,372,410,410855,16.92647
Jasminum odoratissimum L.,199,410,410482,16.84106
Drimia maritima (L.) Stearn,132,410,410315,16.82427
Ixanthus viscosus (Sm.) Griseb.,198,410,410481,16.82066
Carlina xeranthemoides L. f.,85,410,410208,16.80414
Salvia aegyptiaca L.,345,410,410797,16.79823
Salvia aegyptiaca L.,345,410,410796,16.75244
Schizogyne nivea,NA,411,411052,16.74866
Echium leucophaeum Webb ex Sprague & Hutch.,139,410,410333,16.71434
Solanum vespertilio Aiton,382,410,410883,16.70737
Bencomia caudata (Aiton) Webb & Berthel.,63,410,410152,16.66077
Asparagus plocamoides Webb ex Svent.,50,410,410126,16.62293
Spartocytisus supranubius (L. f.) Christ ex G. Kunkel,392,410,410912,16.61027
Argyranthemum lemsii Humphries,37,410,410092,16.60689
Artemisia thuscula Cav.,45,410,410116,16.58337
Maytenus canariensis (Loes.) G. Kunkel & Sunding,239,410,410573,16.56761
Argyranthemum foeniculaceum (Willd.) Webb ex Sch. Bip.,34,410,410084,16.56683
Neochamaelea pulverulenta,434,410,410995,16.56084
Olea cerasiformis Rivas-Mart. & del Arco,NA,410,410622,16.54656
Semele androgyna (L.) Kunth,358,410,410826,16.54052
Lavatera acerifolia Cav.,215,410,410525,16.53003
Monanthes brachycaulos (Webb in Webb & Berthel.) Lowe,254,410,410602,16.51659
Echium wildpretii Pearson ex Hook. f.,145,410,410350,16.50427
Tetraena fontanesii (Webb & Berthel.) Beier & Thulin,406,410,410935,16.50417
Bystropogon canariensis (L.) L’Hér.,72,410,410174,16.47703
Gesnouinia arborea (L. f.) Gaudich.,171,410,410404,16.46815
Carlina salicifolia (L. f.) Cav.,84,410,410206,16.46789
Echium virescens DC.,144,410,410348,16.46206
Ephedra major Host,148,411,411041,16.45942
Silene berthelotiana Webb,377,410,410870,16.40174
Drimia maritima (L.) Stearn,132,410,410314,16.3614
Plantago arborescens Poir.,302,410,410699,16.35361
Hedera canariensis Willd.,181,410,410435,16.32559
Frankenia ericifolia C. Sm. ex DC.,167,410,410393,16.27645
Silene berthelotiana Webb,377,410,410869,16.24438
Neochamaelea pulverulenta,434,410,410996,16.20773
Hypericum canariense L.,190,410,410457,16.18649
Crithmum maritimum L.,115,410,410271,16.16907
Kickxia sagittata (Poir.) Rothm.,203,410,410496,16.13765
Asparagus pastorianus Webb & Berthel.,49,410,410125,16.12427
Lavandula minutolii Bolle,214,410,410519,16.12294
Spartocytisus supranubius (L. f.) Christ ex G. Kunkel,392,410,410911,16.11169
Echium virescens DC.,144,410,410346,16.09997
Aeonium smithii (Sims) Webb & Berthel.,12,410,410031,16.09832
Convolvulus canariensis L.,105,410,410246,16.06808
Reichardia ligulata (Vent.) G. Kunkel & Sunding,325,410,410747,16.05761
Aichryson parlatorei Bolle,19,410,410053,16.04696
Asparagus arborescens Willd.,47,410,410122,16.03615
Aichryson parlatorei Bolle,19,410,410054,16.0295
Sideritis kuegleriana Bornm.,370,410,410853,16.02119
Asparagus arborescens Willd.,47,410,410120,16.01739
Campanula dichotoma L.,76,410,410183,16.01631
Sideritis mascaensis,NA,411,411003,16.00794
Aichryson parlatorei Bolle,19,410,410052,15.99797
Sideritis infernalis Bolle,369,410,410849,15.99174
Aichryson parlatorei Bolle,19,410,410056,15.92101
Plocama pendula Aiton,306,410,410709,15.90021
Lavandula buchii Webb,212,410,410512,15.89446
Kickxia sagittata (Poir.) Rothm.,203,410,410495,15.88593
Aichryson parlatorei Bolle,19,410,410055,15.87825
Jasminum odoratissimum L.,199,410,410483,15.86714
Carex paniculata L.,82,410,410199,15.85868
Cistus osbaeckiaefolius Webb ex Christ,103,410,410242,15.84427
Pterocephalus dumetorus (Brouss. ex Willd.) Coult.,320,410,410732,15.7984
Sideritis infernalis Bolle,369,410,410851,15.76801
Pistacia atlantica Desf.,300,410,410696,15.75212
Luzula canariensis Poir.,235,410,410561,15.71254
Lotus dumetorum Webb ex R. P. Murray,229,410,410548,15.68163
Asparagus arborescens Willd.,47,410,410121,15.63635
Cynara cardunculus L.,117,410,410277,15.61579
Echium virescens DC.,144,410,410347,15.60802
Sideritis soluta Clos,375,410,410866,15.60117
Convolvulus floridus L. f.,106,410,410250,15.59567
Argyranthemum coronopifolium (Willd.) Humphries,33,410,410080,15.55803
Gonospermum fruticosum (Buch) Less.,173,410,410412,15.54527
Kickxia sagittata (Poir.) Rothm.,203,410,410497,15.52165
Sideritis infernalis Bolle,369,410,410850,15.46841
Arbutus canariensis Veill.,30,410,410071,15.43653
Echium aculeatum Poir.,135,410,410323,15.4002
Neochamaelea pulverulenta,434,410,410994,15.37934
Ephedra fragilis Desf.,147,411,411040,15.31829
Sonchus tectifolius Svent.,389,410,410905,15.31749
Monanthes polyphylla Haw.,259,411,411066,15.31279
Artemisia thuscula Cav.,45,410,410118,15.26044
Argyranthemum foeniculaceum (Willd.) Webb ex Sch. Bip.,34,410,410083,15.2519
Convolvulus scoparius L. f.,109,410,410259,15.11795
Echium virescens DC.,144,410,410349,15.1153
Asparagus pastorianus Webb & Berthel.,49,410,410124,15.05988
Sideroxylon mirmulano R. Br. in Buch,376,410,410867,15.05355
Bystropogon plumosus (L. f.) L’Hér.,75,410,410180,15.03183
Avena fatua L.,62,410,410149,15.01512
Frankenia capitata Webb & Berthel.,166,410,410391,14.98377
Polycarpaea divaricata (Aiton) Poir.,311,410,410718,14.96802
Sideritis kuegleriana Bornm.,370,410,410854,14.95768
Crambe scaberrima Webb ex Bramwell,113,410,410266,14.94439
Euphorbia mellifera Aiton,162,410,410382,14.90106
Hedera canariensis Willd.,181,410,410436,14.89023
Argyranthemum foeniculaceum (Willd.) Webb ex Sch. Bip.,34,410,410082,14.87962
Echium triste Svent.,143,410,410345,14.85105
Brachypodium arbuscula Knoche,66,410,410163,14.84993
Rhamnus integrifolia DC.,330,410,410761,14.84255
Euphorbia atropurpurea (Brouss.) Webb & Berthel.,157,410,410371,14.83683
Atalanthus pinnatus (L. f.) D. Don,58,410,410147,14.82944
Paronychia canariensis (L. f.) Juss.,276,410,410644,14.82198
Myrica faya Aiton,261,410,410616,14.81017
Euphorbia atropurpurea (Brouss.) Webb & Berthel.,157,410,410373,14.79799
Rhamnus integrifolia DC.,330,410,410762,14.75731
Helianthemum canariense (Jacq.) Pers.,183,410,410443,14.75716
Sideritis kuegleriana Bornm.,370,410,410852,14.7391
Euphorbia balsamifera Aiton,158,411,411059,14.702
Vieria laevigata (Brouss. ex Willd.) Webb,424,410,410970,14.67638
Carex paniculata L.,82,410,410200,14.67094
Bencomia exstipulata Svent.,64,410,410156,14.63343
Bystropogon canariensis (L.) L’Hér.,72,410,410173,14.63226
Ephedra fragilis Desf.,147,411,411039,14.62139
Echium giganteum L. f.,138,410,410332,14.60487
Sideritis mascaensis,NA,411,411004,14.5778
Aeonium arboreum (L.) Webb & Berthel.,3,410,410007,14.56954
Ilex perado Aiton,196,410,410475,14.5681
Erica arborea L.,149,410,410357,14.55684
Astydamia latifolia (L. f.) Baill.,54,410,410135,14.51998
Teucrium heterophyllum L’Hér.,407,410,410937,14.50576
Luzula canariensis Poir.,235,410,410562,14.46392
Micromeria lachnophylla Webb & Berthel.,247,410,410591,14.45665
Echium aculeatum Poir.,135,410,410322,14.44159
Polycarpaea divaricata (Aiton) Poir.,311,410,410719,14.40485
Micromeria lachnophylla Webb & Berthel.,247,410,410593,14.38658
Teucrium heterophyllum L’Hér.,407,410,410939,14.37529
Polycarpaea divaricata (Aiton) Poir.,311,410,410720,14.36993
Echium wildpretii Pearson ex Hook. f.,145,410,410351,14.36554
Lavandula buchii Webb,212,410,410513,14.31067
Olea cerasiformis Rivas-Mart. & del Arco,NA,410,410623,14.2962
Limonium imbricatum (Webb ex Girard) C. F. Hubb.,218,410,410527,14.28632
Limonium imbricatum (Webb ex Girard) C. F. Hubb.,218,410,410528,14.28156
Lavandula canariensis Mill.,213,410,410516,14.24164
Luzula canariensis Poir.,235,410,410563,14.2313
Micromeria hyssopifolia Webb & Berthel.,246,410,410590,14.19136
"Laurus novocanariensis Rivas-Mart., Lousa, Fern. Prieto, E. Días, J.C. Costa & C. Aguiar",211,410,410511,14.18109
Micromeria lachnophylla Webb & Berthel.,247,410,410592,14.1699
Silene nocteolens Webb & Berthel.,379,410,410874,14.12932
Reichardia crystallina (Sch. Bip.) Bramwell,324,410,410744,14.12484
Limonium imbricatum (Webb ex Girard) C. F. Hubb.,218,410,410529,14.10515
Hyparrhenia hirta (L.) Stapf in Prain,189,410,410452,14.10033
Lolium canariense Steud.,224,410,410541,14.07813
Ceballosia fruticosa (L. f.) G. Kunkel,86,410,410213,14.00804
Reichardia crystallina (Sch. Bip.) Bramwell,324,410,410745,13.98858
Sideritis cretica L.,365,410,410841,13.90131
Atalanthus capillaris (Svent.) A. Hansen & Sunding,56,410,410142,13.88102
Hypericum reflexum L. f.,193,410,410469,13.87963
Helianthemum canariense (Jacq.) Pers.,183,410,410442,13.86085
Rubia peregrina L.,334,410,410772,13.85153
Echium triste Svent.,143,410,410344,13.84495
Arbutus canariensis Veill.,30,411,411036,13.84111
Sideritis cretica L.,365,410,410842,13.80797
Cyperus teneriffae Poir.,119,410,410281,13.80734
Ephedra major Host,148,410,410354,13.78669
Melica minuta L.,243,410,410582,13.78491
Pterocephalus dumetorus (Brouss. ex Willd.) Coult.,320,410,410733,13.67905
Periploca laevigata Aiton,287,410,410668,13.60384
Echium bonnetii Coincy,137,410,410329,13.58462
Rhamnus crenulata Aiton,328,410,410756,13.57579
Festuca agustinii Linding.,164,410,410385,13.57182
Smilax aspera L.,380,410,410876,13.55408
Micromeria densiflora,438,411,411009,13.55093
Hyparrhenia sinaica,444,411,411020,13.54753
Smilax aspera L.,380,410,410875,13.5355
Prunus lusitanica L.,319,410,410730,13.50632
Phoenix canariensis Chabaud,291,410,410672,13.50444
Gonospermum revolutum (C. Sm in Buch) Sch. Bip.,174,410,410413,13.4942
Heberdenia excelsa (Aiton) Banks ex DC.,180,410,410434,13.48842
Hyparrhenia sinaica,444,411,411018,13.48397
Salsola divaricata Masson ex Link in Buch,343,410,410793,13.46021
Festuca agustinii Linding.,164,410,410386,13.44551
Micromeria varia Benth.,251,410,410598,13.44343
Lavandula buchii Webb,212,410,410514,13.41229
Phyllis viscosa Webb ex Christ,293,410,410677,13.38763
Hyparrhenia sinaica,444,411,411019,13.38061
Bosea yervamora L.,65,410,410160,13.35854
Asparagus fallax Svent.,48,410,410123,13.33008
Cistus symphytifolius Lam.,104,410,410244,13.27878
Ixanthus viscosus (Sm.) Griseb.,198,410,410480,13.26422
Erica platycodon (Webb & Berthel.) Rivas-Mart. & al.,150,410,410360,13.24244
Euphorbia balsamifera Aiton,158,410,410375,13.23255
Monanthes laxiflora (DC.) Bolle ex Börnm.,256,410,410607,13.20921
Hyparrhenia hirta (L.) Stapf in Prain,189,410,410453,13.16152
Atalanthus capillaris (Svent.) A. Hansen & Sunding,56,410,410141,13.12306
Echium leucophaeum Webb ex Sprague & Hutch.,139,410,410335,13.09565
Picconia excelsa (Aiton) DC.,294,410,410679,13.08552
Sonchus fauces-orci Knoche,386,410,410895,13.07322
Rhamnus integrifolia DC.,330,410,410760,13.05923
Micromeria densiflora,438,411,411010,13.0217
Sonchus fauces-orci Knoche,386,410,410896,13.02106
Micromeria densiflora,438,411,411008,13.01273
Monanthes laxiflora (DC.) Bolle ex Börnm.,256,410,410606,13.01143
Monanthes minima (Bolle) Christ,257,410,410608,12.99826
Sonchus fauces-orci Knoche,386,410,410897,12.93855
Campanula dichotoma L.,76,410,410182,12.93772
Hedera canariensis Willd.,181,410,410437,12.93551
Sonchus tectifolius Svent.,389,410,410907,12.90256
Avena fatua L.,62,410,410151,12.89704
Salvia broussonetii Benth.,346,410,410798,12.89642
Galium scabrum,NA,411,411053,12.86442
Avena fatua L.,62,410,410150,12.85832
Rubia fruticosa Aiton,333,410,410771,12.85304
Rubia fruticosa Aiton,333,410,410770,12.72471
Plantago webbii Barnéoud,304,410,410705,12.71479
Viburnum rigidum Vent.,421,410,410964,12.66054
Viola cheiranthifolia Humb. & Bonpl.,426,410,410976,12.58848
Rhamnus crenulata Aiton,328,410,410755,12.57546
Erica platycodon (Webb & Berthel.) Rivas-Mart. & al.,150,410,410359,12.56247
Cyperus teneriffae Poir.,119,410,410280,12.52985
Plantago webbii Barnéoud,304,410,410706,12.47302
Carduus clavulatus Link,79,410,410191,12.45134
Pistacia lentiscus L.,301,410,410697,12.44972
Micromeria varia Benth.,251,410,410597,12.38225
Aichryson laxum (Haw.) Bramwell,17,410,410048,12.35416
Erica platycodon (Webb & Berthel.) Rivas-Mart. & al.,150,410,410358,12.35369
Carduus volutarioides Reyes-Betancort,80,410,410195,12.35197
Gonospermum revolutum (C. Sm in Buch) Sch. Bip.,174,410,410414,12.3219
Sideritis eriocephala Marrero Rodr. ex Negrín & P. Pérez,368,410,410847,12.31772
Allagopappus canariensis (Willd.) Greuter,24,411,411058,12.31118
Phyllis viscosa Webb ex Christ,293,410,410678,12.28834
Echium bonnetii Coincy,137,410,410328,12.25888
Kickxia scoparia (Brouss. ex Spreng.) G. Kunkel & Sunding,204,410,410498,12.25751
Pterocephalus virens Webb & Berthel.,322,410,410738,12.24916
Argyranthemum gracile Sch. Bip.,36,410,410090,12.23821
Salsola divaricata Masson ex Link in Buch,343,410,410794,12.23103
Plantago webbii Barnéoud,304,410,410707,12.21961
Sideritis eriocephala Marrero Rodr. ex Negrín & P. Pérez,368,410,410848,12.20136
"Lotus tenellus (Lowe) Sandral, A. Santos & D.D. Sokoloff",234,410,410558,12.16958
Cistus symphytifolius Lam.,104,410,410245,12.16033
Lavandula minutolii Bolle,214,410,410521,12.15639
Carduus volutarioides Reyes-Betancort,80,410,410194,12.15576
Pleiomeris canariensis (Willd.) A. DC.,305,410,410708,12.14836
Gonospermum revolutum (C. Sm in Buch) Sch. Bip.,174,410,410415,12.119
Plantago asphodeloides Svent.,303,410,410701,12.07178
Polycarpaea carnosa C. Sm. ex Buch,310,410,410716,12.05444
Aeonium spathulatum (Hornem.) Praeger,13,410,410035,12.05312
Crithmum maritimum L.,115,411,411038,11.98927
Apollonias barbujana (Cav.) Bornm.,29,410,410070,11.96153
Polycarpaea carnosa C. Sm. ex Buch,310,410,410717,11.92644
Ocotea foetens (Aiton) Baill.,265,410,410621,11.91721
Cyperus teneriffae Poir.,119,410,410279,11.89015
Salsola divaricata Masson ex Link in Buch,343,410,410795,11.86977
Cyperus teneriffae Poir.,119,410,410282,11.81487
Polycarpaea carnosa C. Sm. ex Buch,310,410,410715,11.81225
Viola cheiranthifolia Humb. & Bonpl.,426,410,410977,11.80179
Convolvulus scoparius L. f.,109,410,410260,11.79967
Carlina salicifolia (L. f.) Cav.,84,410,410205,11.79797
Pinus canariensis C. Sm. ex DC. in Buch,299,410,410692,11.79552
Aeonium urbicum (C. Sm. ex Buch) Webb & Berthel.,15,410,410041,11.77559
Launaea arborescens (Batt.) Murb.,210,410,410509,11.76814
Rhamnus crenulata Aiton,328,410,410754,11.72815
Monanthes pallens (Webb ex Christ) Christ,258,410,410610,11.69801
Erica arborea L.,149,410,410356,11.69052
Monanthes anagensis Praeger,253,410,410599,11.68461
Sideritis eriocephala Marrero Rodr. ex Negrín & P. Pérez,368,410,410846,11.6793
Aichryson punctatum (C. Sm. ex Buch) Webb & Berthel.,21,410,410058,11.64875
Salvia broussonetii Benth.,346,410,410800,11.63626
Polycarpaea nivea (Aiton) Webb,314,410,410726,11.58635
Globularia salicina Lam.,172,410,410407,11.53181
"Lotus tenellus (Lowe) Sandral, A. Santos & D.D. Sokoloff",234,410,410559,11.52825
Erica arborea L.,149,410,410355,11.50322
Plantago webbii Barnéoud,304,410,410704,11.48595
Juniperus turbinata Guss.,201,410,410490,11.46268
Argyranthemum frutescens (L.) Sch. Bip.,35,410,410085,11.42993
Aeonium volkerii Hernández & A. Bañares,16,410,410044,11.42707
Campylanthus salsoloides (L. f.) Roth,77,410,410185,11.41672
Plantago asphodeloides Svent.,303,410,410703,11.39874
Aeonium arboreum (L.) Webb & Berthel.,3,410,410008,11.38198
Astydamia latifolia (L. f.) Baill.,54,410,410136,11.36519
Plocama pendula Aiton,306,410,410711,11.31853
Micromeria lasiophylla Webb & Berthel.,248,410,410594,11.23402
Reichardia ligulata (Vent.) G. Kunkel & Sunding,325,410,410748,11.22563
Polycarpaea nivea (Aiton) Webb,314,410,410725,11.21241
Carlina salicifolia (L. f.) Cav.,84,410,410207,11.21139
Plocama pendula Aiton,306,410,410710,11.20844
Plantago asphodeloides Svent.,303,410,410702,11.18247
Aeonium smithii (Sims) Webb & Berthel.,12,410,410033,11.17452
Globularia salicina Lam.,172,410,410408,11.16405
Micromeria teneriffae (Poir.) Benth.,250,411,411045,11.10608
Launaea arborescens (Batt.) Murb.,210,410,410507,11.09669
Campylanthus salsoloides (L. f.) Roth,77,410,410186,11.08301
Allagopappus canariensis (Willd.) Greuter,24,410,410063,11.08134
Monanthes brachycaulos (Webb in Webb & Berthel.) Lowe,254,410,410603,11.06549
Aeonium ciliatum (Willd.) Webb & Berthel.,5,410,410013,11.06443
Lavandula minutolii Bolle,214,410,410522,11.05735
Parietaria filamentosa Webb & Berthel.,274,410,410638,11.02433
Aichryson punctatum (C. Sm. ex Buch) Webb & Berthel.,21,410,410057,10.968
Sonchus radicatus Aiton,388,410,410902,10.85286
Micromeria teneriffae (Poir.) Benth.,250,411,411046,10.80059
Sideritis nervosa (Christ) Linding.,373,410,410859,10.77553
Salvia broussonetii Benth.,346,410,410799,10.77124
Osyris lanceolata Hochst. & Steud. ex A. DC.,272,410,410634,10.61551
Sideritis nervosa (Christ) Linding.,373,410,410858,10.578
Cyperus teneriffae Poir.,119,410,410278,10.55489
Maytenus canariensis (Loes.) G. Kunkel & Sunding,239,410,410572,10.51674
Wahlenbergia lobelioides (L. f.) Link,431,410,410989,10.45152
Pinus canariensis C. Sm. ex DC. in Buch,299,410,410693,10.42344
Sideritis nervosa (Christ) Linding.,373,410,410860,10.39783
Dracaena draco L.,130,410,410309,10.29514
Aeonium urbicum (C. Sm. ex Buch) Webb & Berthel.,15,410,410042,10.28404
Polycarpaea aristata (Aiton) DC.,309,410,410714,10.25605
Argyranthemum frutescens (L.) Sch. Bip.,35,410,410087,10.23953
Tetraena fontanesii (Webb & Berthel.) Beier & Thulin,406,410,410936,10.22258
Sonchus radicatus Aiton,388,410,410903,10.20785
Sideritis brevicaulis Mend.-Heuer,363,411,411049,10.19137
Ceropegia dichotoma Haw.,89,410,410218,10.09227
Aichryson punctatum (C. Sm. ex Buch) Webb & Berthel.,21,410,410059,10.08523
Sideritis brevicaulis Mend.-Heuer,363,410,410836,10.05132
Polycarpaea aristata (Aiton) DC.,309,410,410713,10.04705
Hypericum reflexum L. f.,193,410,410470,10.0228
Aeonium arboreum (L.) Webb & Berthel.,3,410,410009,10.01166
Hypochoeris oligocephala (Svent. & Bramwell) Lack,194,410,410473,10.00354
Aeonium lindleyi Webb & Berthel.,9,410,410022,9.94705
Juniperus cedrus Webb & Berthel.,200,410,410487,9.94695
Parietaria filamentosa Webb & Berthel.,274,411,411047,9.90164
Polycarpaea aristata (Aiton) DC.,309,410,410712,9.86405
Sideritis brevicaulis Mend.-Heuer,363,410,410835,9.85298
Hypochoeris oligocephala (Svent. & Bramwell) Lack,194,410,410471,9.81765
Tetraena fontanesii (Webb & Berthel.) Beier & Thulin,406,410,410934,9.76173
Aeonium pseudourbicum A. Bañares,10,410,410025,9.76062
Aeonium cuneatum Webb & Berthel.,6,410,410018,9.69452
Pterocephalus virens Webb & Berthel.,322,410,410739,9.68713
Kickxia scoparia (Brouss. ex Spreng.) G. Kunkel & Sunding,204,410,410500,9.66471
Hypochoeris oligocephala (Svent. & Bramwell) Lack,194,410,410472,9.56733
Dicheranthus plocamoides Webb,126,410,410304,9.38354
Convolvulus floridus L. f.,106,410,410251,9.30958
Campylanthus salsoloides (L. f.) Roth,77,410,410184,9.24639
Osyris lanceolata Hochst. & Steud. ex A. DC.,272,410,410633,9.17653
Parietaria filamentosa Webb & Berthel.,274,410,410639,9.1727
Greenovia aurea (C. Sm. ex Hornem.) Webb & Berthel.,176,410,410421,9.09149
Kickxia scoparia (Brouss. ex Spreng.) G. Kunkel & Sunding,204,410,410499,9.08131
Reichardia ligulata (Vent.) G. Kunkel & Sunding,325,410,410749,9.0592
Juniperus turbinata Guss.,201,410,410489,9.0043
Limonium arborescens (Brouss.) Kuntze,216,410,410526,8.98356
Aeonium pseudourbicum A. Bañares,10,410,410026,8.93695
Aeonium smithii (Sims) Webb & Berthel.,12,410,410032,8.92769
Aeonium sedifolium (Webb ex Bolle) Pit. & Proust,11,410,410030,8.92586
Aeonium haworthii (Salm-Dyck ex Webb & Berthel.) Webb & Berthel.,8,410,410021,8.82175
Maytenus canariensis (Loes.) G. Kunkel & Sunding,239,411,411065,8.79221
Kunkeliella retamoides A. Santos,207,410,410504,8.73214
Aeonium cuneatum Webb & Berthel.,6,410,410016,8.72861
Dicheranthus plocamoides Webb,126,410,410303,8.70867
Vieria laevigata (Brouss. ex Willd.) Webb,424,410,410971,8.63141
Juniperus cedrus Webb & Berthel.,200,410,410486,8.5677
Senecio palmensis (C. Sm. in Buch) Link,359,410,410828,8.50157
Senecio palmensis (C. Sm. in Buch) Link,359,410,410829,8.46151
Aeonium sedifolium (Webb ex Bolle) Pit. & Proust,11,410,410029,8.44911
Aeonium lindleyi Webb & Berthel.,9,410,410024,8.43551
Ceropegia fusca Bolle,90,410,410221,8.38122
Globularia salicina Lam.,172,410,410409,8.37991
Aeonium spathulatum (Hornem.) Praeger,13,410,410034,8.37796
Bystropogon odoratissimus,NA,411,411051,8.35368
Crithmum maritimum L.,115,410,410272,8.33128
Senecio palmensis (C. Sm. in Buch) Link,359,410,410827,8.3244
Paronychia canariensis (L. f.) Juss.,276,410,410645,8.28267
Aeonium cuneatum Webb & Berthel.,6,410,410017,8.169
Ilex canariensis Poir.,195,410,410474,8.13622
Dracaena draco L.,130,410,410308,8.11411
Greenovia aizoon Bolle,175,410,410418,7.99717
Juniperus cedrus Webb & Berthel.,200,410,410485,7.9938
Bystropogon canariensis (L.) L’Hér.,72,410,410172,7.91627
Periploca laevigata Aiton,287,410,410667,7.91099
Polycarpaea tenuis Webb ex Christ,315,410,410727,7.89677
Euphorbia aphylla Brouss. ex Willd.,156,411,411042,7.88254
Ceropegia dichotoma Haw.,89,410,410217,7.83324
Polycarpaea tenuis Webb ex Christ,315,410,410729,7.79621
Greenovia dodrentalis (Willd.) Webb & Berthel.,177,410,410425,7.79591
Ceropegia fusca Bolle,90,410,410222,7.62972
Greenovia aizoon Bolle,175,410,410420,7.62305
Greenovia aizoon Bolle,175,410,410419,7.61142
Greenovia aizoon Bolle,175,410,410417,7.59696
Greenovia aizoon Bolle,175,410,410416,7.59634
Aeonium lindleyi Webb & Berthel.,9,410,410023,7.53498
Greenovia aurea (C. Sm. ex Hornem.) Webb & Berthel.,176,410,410422,7.52401
Lavandula minutolii Bolle,214,410,410520,7.51001
Greenovia dodrentalis (Willd.) Webb & Berthel.,177,410,410423,7.39421
Aeonium volkerii Hernández & A. Bañares,16,410,410045,7.34293
Persea indica (L.) C. K. Spreng.,288,410,410670,7.33664
Visnea mocanera L. f.,429,410,410981,7.19861
Aeonium canariense (L.) Webb & Berthel.,4,410,410011,7.19614
Visnea mocanera L. f.,429,410,410982,7.12881
Visnea mocanera L. f.,429,410,410983,7.04441
Monanthes anagensis Praeger,253,410,410601,7.02584
Monanthes anagensis Praeger,253,410,410600,7.00127
Polycarpaea tenuis Webb ex Christ,315,410,410728,6.92098
Aeonium volkerii Hernández & A. Bañares,16,410,410043,6.90074
Aeonium urbicum (C. Sm. ex Buch) Webb & Berthel.,15,410,410040,6.78427
Anisantha rubens (L.),28,410,410067,6.61319
Aeonium ciliatum (Willd.) Webb & Berthel.,5,410,410015,6.58099
Aeonium pseudourbicum A. Bañares,10,410,410027,6.54819
Aeonium haworthii (Salm-Dyck ex Webb & Berthel.) Webb & Berthel.,8,410,410019,6.52441
Aeonium haworthii (Salm-Dyck ex Webb & Berthel.) Webb & Berthel.,8,410,410020,6.34266
Euphorbia aphylla Brouss. ex Willd.,156,410,410370,6.25409
Aeonium ciliatum (Willd.) Webb & Berthel.,5,410,410014,6.21461
Vieria laevigata (Brouss. ex Willd.) Webb,424,410,410969,6.16457
Dicheranthus plocamoides Webb,126,410,410302,6.1614
Ceropegia dichotoma Haw.,89,410,410219,6.04778
Aeonium canariense (L.) Webb & Berthel.,4,410,410012,5.92399
Anisantha rubens (L.),28,410,410068,5.91613
Aeonium sedifolium (Webb ex Bolle) Pit. & Proust,11,410,410028,5.74718
Anisantha rubens (L.),28,410,410069,5.28129
Greenovia dodrentalis (Willd.) Webb & Berthel.,177,410,410424,5.23212
Monanthes polyphylla Haw.,259,410,410614,5.18672
Aeonium canariense (L.) Webb & Berthel.,4,410,410010,5.06606
Aeonium tabulaeforme (Haw.) Webb & Berthel.,14,410,410037,4.8901
Aeonium tabulaeforme (Haw.) Webb & Berthel.,14,410,410038,4.69611
Aeonium tabulaeforme (Haw.) Webb & Berthel.,14,410,410039,4.16812
Sideritis oroteneriffae Negrín & P. Pérez,374,410,410862,0.18251
Adenocarpus viscosus (Willd.) Webb & Berthel.,2,410,410004,NA
Aichryson pachycaulon Bolle,18,410,410049,NA
Andryala pinnatifida Aiton,27,410,410064,NA
Argyranthemum frutescensgracil,NA,411,411032,NA
Argyranthemum frutescenssuccu,NA,411,411033,NA
Argyranthemum frutescenssuccu,NA,411,411034,NA
Argyranthemum frutescenssuccu,NA,411,411035,NA
Aristida adscensionis L.,41,410,410104,NA
Artemisia thuscula Cav.,45,410,410115,NA
Asparagus scoparius Lowe,51,410,410129,NA
Atalanthus arboreus (DC.) Sw.,55,410,410138,NA
Atalanthus arboreus (DC.) Sw.,55,410,410139,NA
Cistus monspeliensis,441,411,411017,NA
Cistus symphytifolius Lam.,104,410,410243,NA
Crambe strigosa L’Hér.,114,410,410270,NA
Daphne gnidium,440,411,411014,NA
Echium aculeatum Poir.,135,410,410324,NA
Euphorbia balsamifera Aiton,158,410,410376,NA
Euphorbia canariensis L.,160,410,410378,NA
Frankenia capitata Webb & Berthel.,166,410,410392,NA
Hyparrhenia hirta (L.) Stapf in Prain,189,410,410454,NA
Hyparrhenia hirta (L.) Stapf in Prain,189,410,410455,NA
Hypericum glandulosum Aiton,191,410,410462,NA
Hypericum glandulosum Aiton,191,410,410463,NA
Hypericum glandulosum Aiton,191,410,410464,NA
Laphangium teydeum Wildpret & Greuter,209,410,410505,NA
Lotus hybrid,NA,411,411024,NA
"Lotus tenellus (Lowe) Sandral, A. Santos & D.D. Sokoloff",234,410,410560,NA
Luzula pilosa,449,411,411029,NA
Micromeria hyssopifolia Webb & Berthel.,246,410,410588,NA
Micromeria hyssopifolia Webb & Berthel.,246,410,410589,NA
Monanthes brachycaulos (Webb in Webb & Berthel.) Lowe,254,410,410604,NA
Monanthes laxiflora (DC.) Bolle ex Börnm.,256,410,410605,NA
Periploca laevigata Aiton,287,410,410669,NA
Retama rhodorhizoides Webb & Berthel.,327,410,410753,NA
Rubus palmensis A. Hansen,336,410,410777,NA
Rubus palmensis A. Hansen,336,410,410778,NA
Sideritis oroteneriffae Negrín & P. Pérez,374,410,410861,NA
Suaeda vera Forssk. ex J. F. Gmel.,397,410,410917,NA
Suaeda vera Forssk. ex J. F. Gmel.,397,410,410918,NA
Teline osyrioides (Svent.) P. E. Gibbs & Dingwall,402,411,411025,NA
Tolpis lagopoda C. Sm. in Buch,414,410,410949,NA
Viola arvensis,448,411,411026,NA
Viola arvensis,448,411,411027,NA
Viola arvensis,448,411,411028,NA
