IDmaster,Species1,IDindiv,indiv_Leaf thickness(mm)
1,Adenocarpus foliolosus ,2,0.088
1,Adenocarpus foliolosus ,3,0.077
2,Adenocarpus viscosus ,2,0.143
2,Adenocarpus viscosus ,3,0.176
2,Adenocarpus viscosus ,3,0.286
3,Aeonium arboreum ,1,1.07
3,Aeonium arboreum ,2,1.863
4,Aeonium canariense ,1,3.775
4,Aeonium canariense ,2,3.125
5,Aeonium ciliatum ,1,3.111
5,Aeonium ciliatum ,2,3.665
5,Aeonium ciliatum ,3,3.289
6,Aeonium cuneatum ,2,2.543
6,Aeonium cuneatum ,3,2.393
8,Aeonium haworthii ,1,4.851
8,Aeonium haworthii ,2,6.639
8,Aeonium haworthii ,3,5.085
9,Aeonium lindleyi ,2,6.461
9,Aeonium lindleyi ,3,6.426
10,Aeonium pseudourbicum ,1,4.563
10,Aeonium pseudourbicum ,1,4.563
10,Aeonium pseudourbicum ,2,4.713
10,Aeonium pseudourbicum ,3,3.302
11,Aeonium sedifolium ,1,2.258
11,Aeonium sedifolium ,2,2.13
11,Aeonium sedifolium ,3,2.694
12,Aeonium smithii ,1,1.413
12,Aeonium smithii ,1,1.413
12,Aeonium smithii ,2,2.38
12,Aeonium smithii ,3,2.945
13,Aeonium spathulatum ,1,0.974
13,Aeonium spathulatum ,2,1.063
13,Aeonium spathulatum ,3,0.724
14,Aeonium tabulaeforme,1,2.138
14,Aeonium tabulaeforme ,2,3.972
14,Aeonium tabulaeforme ,3,3.146
15,Aeonium urbicum ,2,3.575
15,Aeonium urbicum ,3,3.447
16,Aeonium volkerii ,1,3.467
16,Aeonium volkerii ,2,2.956
16,Aeonium volkerii ,3,4.956
17,Aichryson laxum ,2,0.583
17,Aichryson laxum ,3,0.555
17,Aichryson laxum ,3,0.922
18,Aichryson pachycaulon ,2,0.768
18,Aichryson pachycaulon ,3,0.716
19,Aichryson parlatorei ,1,0.507
19,Aichryson parlatorei ,2,0.528
19,Aichryson parlatorei ,3,0.579
19,Aichryson parlatorei ,4,0.831
19,Aichryson parlatorei ,5,0.363
21,Aichryson punctatum ,1,1.12
21,Aichryson punctatum ,2,0.934
21,Aichryson punctatum ,3,0.914
23,Aizoon canariense ,1,0.642
23,Aizoon canariense ,2,0.733
23,Aizoon canariense ,3,0.792
24,Allagopappus canariensis ,1,0.36
24,Allagopappus canariensis ,2,0.366
24,Allagopappus canariensis ,2,0.296
24,Allagopappus canariensis ,3,0.258
435,Allium canariensis ,1,0.177
435,Allium canariensis ,2,0.145
435,Allium canariensis ,3,0.193
435,Allium canariensis ,4,0.185
435,Allium canariensis ,5,0.175
27,Andryala pinnatifida ,2,0.142
27,Andryala pinnatifida ,3,0.129
28,Anisantha rubens ,1,0.079
28,Anisantha rubens ,1,0.059
28,Anisantha rubens ,2,0.102
28,Anisantha rubens ,2,0.077
28,Anisantha rubens ,3,0.066
29,Apollonias barbujana ,1,0.264
29,Apollonias barbujana ,2,0.206
30,Arbutus canariensis ,1,0.242
30,Arbutus canariensis ,1,0.289
31,Argyranthemum adauctum ,1,0.258
31,Argyranthemum adauctum ,2,0.417
31,Argyranthemum adauctum ,3,0.193
32,Argyranthemum broussonetii ,2,0.272
32,Argyranthemum broussonetii ,3,0.249
32,Argyranthemum broussonetii ,4,0.155
33,Argyranthemum coronopifolium ,1,0.413
33,Argyranthemum coronopifolium ,2,0.336
34,Argyranthemum foeniculaceum ,1,0.809
34,Argyranthemum foeniculaceum ,2,1.005
34,Argyranthemum foeniculaceum ,3,0.816
35,Argyranthemum frutescens ,1,1.259
450,Argyranthemum frutescens sub. frutescens,1,0.34
451,Argyranthemum frutescens sub. gracilenses ,1,0.566
452,Argyranthemum frutescens sub. suculentum ,1,1.56
452,Argyranthemum frutescens sub. suculentum ,2,1.059
452,Argyranthemum frutescens sub. suculentum ,3,1.173
36,Argyranthemum gracile ,1,0.621
36,Argyranthemum gracile ,2,0.56
36,Argyranthemum gracile ,3,0.522
37,Argyranthemum lemsii ,1,0.202
37,Argyranthemum lemsii ,2,0.258
37,Argyranthemum lemsii ,3,0.26
38,Argyranthemum sundingii ,1,0.29
39,Argyranthemum tenerifae ,1,0.561
39,Argyranthemum tenerifae ,2,0.388
39,Argyranthemum tenerifae ,3,0.545
439,Argyranthemum vincentii,,0.317
439,Argyranthemum vincentii ,1,0.441
439,Argyranthemum vincentii ,2,0.396
439,Argyranthemum vincentii ,3,0.38
40,Arisarum simorrhinum ,1,0.33
40,Arisarum simorrhinum ,2,0.31
40,Arisarum simorrhinum ,3,0.33
40,Arisarum simorrhinum ,4,0.285
40,Arisarum simorrhinum ,5,0.255
41,Aristida adscensionis ,1,0.248
41,Aristida adscensionis ,2,0.228
41,Aristida adscensionis ,3,0.364
42,Arrhenatherum calderae ,1,0.15
42,Arrhenatherum calderae ,2,0.167
42,Arrhenatherum calderae ,3,0.113
43,Artemisia ramosa ,1,0.431
43,Artemisia ramosa ,2,0.389
43,Artemisia ramosa ,3,0.343
44,Artemisia reptans ,1,0.421
44,Artemisia reptans ,2,0.283
44,Artemisia reptans ,3,0.285
45,Artemisia thuscula ,3,0.181
45,Artemisia thuscula ,3,0.137
47,Asparagus arborescens ,1,0.804
47,Asparagus arborescens ,2,0.669
47,Asparagus arborescens ,3,0.55
48,Asparagus fallax ,1,0.459
49,Asparagus pastorianus ,1,0.652
49,Asparagus pastorianus ,2,0.502
49,Asparagus pastorianus ,3,0.424
50,Asparagus plocamoides ,1,0.372
50,Asparagus plocamoides ,2,0.336
50,Asparagus plocamoides ,3,0.282
51,Asparagus scoparius ,1,0.292
51,Asparagus scoparius ,2,0.08
52,Asparagus umbellatus ,1,0.486
52,Asparagus umbellatus ,1,0.486
52,Asparagus umbellatus ,3,0.528
52,Asparagus umbellatus  ,2,0.532
54,Astydamia latifolia ,1,1.037
54,Astydamia latifolia ,2,0.784
55,Atalanthus arboreus ,1,0.282
56,Atalanthus capillaris ,1,0.595
56,Atalanthus capillaris ,2,0.53
56,Atalanthus capillaris ,3,0.5
57,Atalanthus microcarpus ,1,0.374
57,Atalanthus microcarpus ,2,0.384
58,Atalanthus pinnatus ,1,0.255
62,Avena fatua ,1,0.135
62,Avena fatua ,2,0.118
62,Avena fatua ,3,0.09
63,Bencomia caudata ,1,0.17
63,Bencomia caudata ,2,0.158
63,Bencomia caudata ,3,0.162
63,Bencomia caudata ,3,0.296
64,Bencomia exstipulata ,1,0.348
64,Bencomia exstipulata ,2,0.318
64,Bencomia exstipulata ,3,0.346
433,Bituminaria bituminosa ,1,0.092
433,Bituminaria bituminosa ,2,0.085
65,Bosea yervamora ,1,0.213
65,Bosea yervamora ,2,0.302
65,Bosea yervamora ,3,0.162
66,Brachypodium arbuscula ,1,0.069
68,Bryonia verrucosa ,1,0.577
69,Bufonia paniculata ,1,0.147
69,Bufonia paniculata ,2,0.115
69,Bufonia paniculata ,3,0.072
70,Bupleurum salicifolium ,1,0.29
70,Bupleurum salicifolium ,2,0.308
70,Bupleurum salicifolium ,3,0.357
72,Bystropogon canariensis ,3,0.388
74,Bystropogon origanifolius ,1,0.276
74,Bystropogon origanifolius ,2,0.256
74,Bystropogon origanifolius ,3,0.202
75,Bystropogon plumosus ,1,0.27
75,Bystropogon plumosus ,2,0.305
75,Bystropogon plumosus ,3,0.22
76,Campanula dichotoma ,1,0.115
76,Campanula dichotoma ,2,0.124
76,Campanula dichotoma ,3,0.084
77,Campylanthus salsoloides ,1,2.889
77,Campylanthus salsoloides ,2,1.072
77,Campylanthus salsoloides ,3,1.294
78,Canarina canariensis ,1,0.266
78,Canarina canariensis ,2,0.068
78,Canarina canariensis ,3,0.171
79,Carduus clavulatus ,2,0.178
79,Carduus clavulatus ,3,0.213
79,Carduus clavulatus Link ,1,0.259
80,Carduus volutarioides ,2,0.075
80,Carduus volutarioides ,3,0.084
80,Carduus volutarioides  ,1,0.033
81,Carex canariensis ,1,0.211
81,Carex canariensis ,2,0.17
81,Carex canariensis ,3,0.168
82,Carex paniculata ,1,0.324
82,Carex paniculata ,2,0.205
82,Carex paniculata ,3,0.233
83,Carex perraudieriana ,1,0.186
83,Carex perraudieriana ,2,0.17
83,Carex perraudieriana ,3,0.176
84,Carlina salicifolia ,2,0.195
84,Carlina salicifolia ,3,0.348
85,Carlina xeranthemoides ,1,0.208
85,Carlina xeranthemoides ,2,0.205
85,Carlina xeranthemoides ,3,0.195
86,Ceballosia fruticosa ,1,0.224
86,Ceballosia fruticosa ,2,0.214
86,Ceballosia fruticosa ,3,0.312
87,Cedronella canariensis ,1,0.117
87,Cedronella canariensis ,2,0.16
87,Cedronella canariensis ,3,0.122
89,Ceropegia dichotoma ,1,0.658
89,Ceropegia dichotoma ,2,0.701
89,Ceropegia dichotoma ,3,11.044
90,Ceropegia fusca ,1,0.491
90,Ceropegia fusca ,2,13.403
90,Ceropegia fusca ,3,11.179
91,Chamaecytisus proliferus ,2,0.276
91,Chamaecytisus proliferus ,3,0.194
92,Cheirolophus burchardii ,1,0.24
92,Cheirolophus burchardii ,2,0.178
93,Cheirolophus canariensis ,1,0.22
93,Cheirolophus canariensis ,2,0.21
96,Cheirolophus teydis ,1,0.337
96,Cheirolophus teydis ,2,0.47
96,Cheirolophus teydis ,3,0.165
99,Chenoleoides tomentosa ,1,0.846
99,Chenoleoides tomentosa ,2,0.93
99,Chenoleoides tomentosa ,3,0.383
103,Cistus osbaeckiaefolius ,1,0.286
103,Cistus osbaeckiaefolius ,2,0.271
103,Cistus osbaeckiaefolius ,3,0.246
104,Cistus symphytifolius ,2,0.137
104,Cistus symphytifolius ,3,0.174
105,Convolvulus canariensis ,2,0.287
105,Convolvulus canariensis ,3,0.23
106,Convolvulus floridus ,1,0.178
106,Convolvulus floridus ,2,0.207
106,Convolvulus floridus ,2,0.271
107,Convolvulus fruticulosus ,1,0.384
107,Convolvulus fruticulosus ,2,0.306
107,Convolvulus fruticulosus ,3,0.341
108,Convolvulus perraudieri ,1,0.16
108,Convolvulus perraudieri ,2,0.172
108,Convolvulus perraudieri ,3,0.21
109,Convolvulus scoparius,3,
109,Convolvulus scoparius ,1,0.476
109,Convolvulus scoparius ,2,0.464
111,Crambe arborea ,1,0.293
111,Crambe arborea ,2,0.438
111,Crambe arborea ,3,0.429
113,Crambe scaberrima ,1,0.238
113,Crambe scaberrima ,1,0.505
113,Crambe scaberrima ,2,0.608
113,Crambe scaberrima ,3,0.668
114,Crambe strigosa ,2,0.314
114,Crambe strigosa ,3,0.312
115,Crithmum maritimum ,1,1.402
115,Crithmum maritimum ,2,1.762
115,Crithmum maritimum ,2,0.83
115,Crithmum maritimum ,3,0.894
116,Cryptotaenia elegans ,1,0.13
116,Cryptotaenia elegans ,2,0.147
116,Cryptotaenia elegans ,3,0.15
117,Cynara cardunculus ,1,0.333
119,Cyperus teneriffae ,1,0.2
119,Cyperus teneriffae ,2,0.2
119,Cyperus teneriffae ,3,0.255
119,Cyperus teneriffae ,4,0.21
119,Cyperus teneriffae ,5,0.195
120,Dactylis metlesicsii ,2,0.056
120,Dactylis metlesicsii ,3,0.063
120,Dactylis metlesicsii ,4,0.055
121,Dactylis smithii ,1,0.198
121,Dactylis smithii ,1,0.079
121,Dactylis smithii ,2,0.167
121,Dactylis smithii ,3,0.17
440,Daphne gnidium ,1,0.196
440,Daphne gnidium ,2,0.14
440,Daphne gnidium ,3,0.218
122,Descurainia bourgeauana ,1,0.206
122,Descurainia bourgeauana ,2,0.232
122,Descurainia bourgeauana ,3,0.196
123,Descurainia gonzalesii ,1,0.285
123,Descurainia gonzalesii ,2,0.248
123,Descurainia gonzalesii ,3,0.268
124,Descurainia lemsii ,1,0.169
124,Descurainia lemsii ,2,0.17
124,Descurainia lemsii ,3,0.17
125,Descurainia millefolia ,1,0.184
125,Descurainia millefolia ,2,0.276
125,Descurainia millefolia ,3,0.214
126,Dicheranthus plocamoides ,1,1.267
126,Dicheranthus plocamoides ,2,1.248
126,Dicheranthus plocamoides ,3,1.312
130,Dracaena draco ,1,2.367
130,Dracaena draco ,2,2.353
131,Dracunculus canariensis ,1,0.097
131,Dracunculus canariensis ,2,0.116
131,Dracunculus canariensis ,3,0.075
132,Drimia maritima ,1,0.506
133,Drusa glandulosa ,1,0.183
133,Drusa glandulosa ,2,0.128
134,Ebingeria elegans ,1,0.131
134,Ebingeria elegans ,2,0.072
134,Ebingeria elegans ,3,0.066
135,Echium aculeatum ,1,0.696
135,Echium aculeatum ,2,0.692
135,Echium aculeatum ,3,0.496
136,Echium auberianum ,1,0.595
136,Echium auberianum ,2,0.866
136,Echium auberianum ,3,0.846
137,Echium bonnetii ,1,0.337
137,Echium bonnetii ,2,0.211
137,Echium bonnetii ,3,0.227
138,Echium giganteum ,1,0.255
138,Echium giganteum ,2,0.224
139,Echium leucophaeum ,1,0.331
139,Echium leucophaeum ,2,0.323
139,Echium leucophaeum ,3,0.242
140,Echium simplex ,1,0.396
140,Echium simplex ,2,0.599
140,Echium simplex ,3,0.31
141,Echium strictum ,1,0.27
141,Echium strictum ,2,0.159
141,Echium strictum ,3,0.403
143,Echium triste,2,0.32
143,Echium triste,3,0.232
143,Echium triste,4,0.294
143,Echium triste ,1,0.553
144,Echium virescens ,2,0.467
144,Echium virescens ,3,0.401
144,Echium virescens ,4,0.229
145,Echium wildpretii ,1,1.498
145,Echium wildpretii ,2,1.466
145,Echium wildpretii ,3,1.227
147,Ephedra fragilis ,1,1.403
147,Ephedra fragilis ,2,1.075
147,Ephedra fragilis ,3,2.178
148,Ephedra major ,1,1.452
148,Ephedra major ,2,1.429
149,Erica arborea ,1,0.272
149,Erica arborea ,2,0.205
149,Erica arborea ,3,0.235
150,Erica platycodon ,1,0.261
150,Erica platycodon ,2,0.346
150,Erica platycodon ,3,0.292
151,Erigeron calderae ,1,0.193
151,Erigeron calderae ,2,0.213
151,Erigeron calderae ,3,0.182
154,Erysimum bicolor ,1,0.07
154,Erysimum bicolor ,2,0.061
154,Erysimum bicolor ,3,0.092
155,Erysimum scoparium ,1,0.207
155,Erysimum scoparium ,2,0.425
155,Erysimum scoparium ,3,0.246
156,Euphorbia aphylla ,2,5.964
156,Euphorbia aphylla ,3,7.168
157,Euphorbia atropurpurea ,1,0.268
157,Euphorbia atropurpurea ,2,0.207
157,Euphorbia atropurpurea ,3,0.282
158,Euphorbia balsamifera ,1,0.406
158,Euphorbia balsamifera ,2,0.424
158,Euphorbia balsamifera ,3,0.424
159,Euphorbia bourgeauana ,1,0.178
161,Euphorbia lamarckii ,1,0.226
161,Euphorbia lamarckii ,2,0.302
161,Euphorbia lamarckii ,3,0.317
162,Euphorbia mellifera ,1,0.147
162,Euphorbia mellifera ,2,0.163
163,Ferula linkii ,1,0.144
164,Festuca agustinii ,1,0.38
164,Festuca agustinii ,2,0.335
165,Forsskaolea angustifolia ,1,0.237
165,Forsskaolea angustifolia ,2,0.272
165,Forsskaolea angustifolia ,3,0.263
166,Frankenia capitata ,1,0.276
166,Frankenia capitata ,2,0.194
167,Frankenia ericifolia ,1,0.219
167,Frankenia ericifolia ,2,0.192
168,Fumaria coccinea ,1,0.073
168,Fumaria coccinea ,2,0.015
168,Fumaria coccinea ,3,0.065
169,Fumaria montana ,1,0.101
169,Fumaria montana ,1,0.162
169,Fumaria montana ,3,0.128
170,Geranium reuteri ,1,0.144
170,Geranium reuteri ,2,0.178
170,Geranium reuteri ,3,0.13
171,Gesnouinia arborea ,2,0.062
171,Gesnouinia arborea ,3,0.07
173,Gonospermum fruticosum ,1,0.18
173,Gonospermum fruticosum ,2,0.196
173,Gonospermum fruticosum ,3,0.253
174,Gonospermum revolutum ,1,0.42
174,Gonospermum revolutum ,2,0.609
174,Gonospermum revolutum ,3,0.661
175,Greenovia aizoon ,1,1.997
175,Greenovia aizoon ,2,1.443
175,Greenovia aizoon ,3,1.301
175,Greenovia aizoon ,4,1.556
175,Greenovia aizoon ,5,1.269
176,Greenovia aurea ,1,2.82
176,Greenovia aurea ,1,2.65
176,Greenovia aurea ,3,3.464
177,Greenovia dodrentalis ,1,2.271
177,Greenovia dodrentalis ,2,2.445
177,Greenovia dodrentalis ,3,2.662
178,Gymnocarpos decandrus ,1,1.776
178,Gymnocarpos decandrus ,2,1.337
178,Gymnocarpos decandrus ,3,1.514
179,Habenaria tridactylites,1,0.66
179,Habenaria tridactylites,2,0.56
179,Habenaria tridactylites,3,0.72
179,Habenaria tridactylites,4,0.685
179,Habenaria tridactylites,5,0.665
180,Heberdenia excelsa ,1,0.385
181,Hedera canariensis ,1,0.299
181,Hedera canariensis ,2,0.334
181,Hedera canariensis ,3,0.276
182,Helianthemum broussonetii ,1,0.227
182,Helianthemum broussonetii ,2,0.232
182,Helianthemum broussonetii ,3,0.246
183,Helianthemum canariense ,1,0.296
183,Helianthemum canariense ,2,0.279
183,Helianthemum canariense ,3,0.246
184,Helianthemum juliae ,1,0.27
184,Helianthemum juliae ,2,0.21
184,Helianthemum juliae ,3,0.362
186,Heliotropium ramosissimum ,1,0.366
186,Heliotropium ramosissimum ,2,0.254
186,Heliotropium ramosissimum ,3,0.436
187,Herniaria canariensis ,1,0.271
187,Herniaria canariensis ,2,0.371
189,Hyparrhenia hirta ,1,0.198
444,Hyparrhenia sinaica ,1,0.292
444,Hyparrhenia sinaica ,2,0.138
444,Hyparrhenia sinaica ,3,0.115
190,Hypericum canariense ,1,0.04
190,Hypericum canariense ,2,0.088
190,Hypericum canariense ,3,0.112
191,Hypericum glandulosum ,1,0.114
191,Hypericum glandulosum ,2,0.111
191,Hypericum glandulosum ,3,0.056
192,Hypericum grandifolium ,2,0.123
192,Hypericum grandifolium ,3,0.169
445,Hypericum perforatum ,1,0.056
445,Hypericum perforatum ,2,0.083
445,Hypericum perforatum ,3,0.054
193,Hypericum reflexum ,1,0.193
193,Hypericum reflexum ,2,0.187
193,Hypericum reflexum ,3,0.18
195,Ilex canariensis ,1,0.648
196,Ilex perado ,1,0.467
197,Isoplexis canariensis ,1,0.2
197,Isoplexis canariensis ,2,0.176
198,Ixanthus viscosus ,3,0.416
199,Jasminum odoratissimum ,1,0.33
199,Jasminum odoratissimum ,2,0.209
199,Jasminum odoratissimum ,3,0.184
200,Juniperus cedrus ,1,0.275
200,Juniperus cedrus ,2,0.246
200,Juniperus cedrus ,3,0.294
201,Juniperus turbinata ,1,0.925
201,Juniperus turbinata ,2,0.923
201,Juniperus turbinata ,3,0.918
202,Justicia hyssopifolia ,1,0.437
202,Justicia hyssopifolia ,2,0.212
202,Justicia hyssopifolia ,3,0.487
203,Kickxia sagittata ,1,0.444
203,Kickxia sagittata ,2,0.655
203,Kickxia sagittata ,3,0.671
203,Kickxia sagittata ,4,0.74
204,Kickxia scoparia ,1,0.312
204,Kickxia scoparia ,2,0.198
204,Kickxia scoparia ,3,0.32
205,Kleinia neriifolia ,1,0.624
205,Kleinia neriifolia ,2,0.832
205,Kleinia neriifolia ,3,1.063
207,Kunkeliella retamoides ,3,2.041
209,Laphangium teydeum ,1,0.196
210,Launaea arborescens ,1,0.43
210,Launaea arborescens ,2,0.42
210,Launaea arborescens ,3,0.494
210,Launaea arborescens ,4,0.542
211,Laurus novocanariensis ,1,0.173
211,Laurus novocanariensis ,1,0.266
212,Lavandula buchii ,1,0.901
212,Lavandula buchii ,2,0.726
212,Lavandula buchii ,3,0.755
213,Lavandula canariensis ,1,0.574
213,Lavandula canariensis ,2,0.298
213,Lavandula canariensis ,3,0.343
213,Lavandula canariensis ,4,0.488
214,Lavandula minutolii ,1,0.446
214,Lavandula minutolii ,2,0.45
214,Lavandula minutolii ,3,0.381
214,Lavandula minutolii ,4,0.44
215,Lavatera acerifolia ,1,0.138
215,Lavatera acerifolia ,2,0.04
215,Lavatera acerifolia ,3,0.206
216,Limonium arborescens ,1,0.622
218,Limonium imbricatum ,1,0.285
218,Limonium imbricatum ,2,0.306
218,Limonium imbricatum ,3,0.247
219,Limonium macrophyllum ,1,0.377
219,Limonium macrophyllum ,2,0.24
219,Limonium macrophyllum ,3,0.27
219,Limonium macrophyllum ,3,0.293
220,Limonium pectinatum ,2,0.399
220,Limonium pectinatum ,3,0.435
220,Limonium pectinatum ,4,0.413
220,Limonium pectinatum  ,1,0.464
223,Lobularia canariensis ,1,0.228
223,Lobularia canariensis ,3,0.161
223,Lobularia canariensis ,3,0.092
224,Lolium canariense ,1,0.105
227,Lotus berthelotii,1,0.4
228,Lotus campylocladus ,1,0.119
228,Lotus campylocladus ,2,0.099
228,Lotus campylocladus ,3,0.116
229,Lotus dumetorum ,1,0.2
446,Lotus hybrid,1,0.262
231,Lotus maculatus ,1,0.41
231,Lotus maculatus ,2,0.375
232,Lotus mascaensis ,1,0.125
233,Lotus sessilifolius ,1,0.54
233,Lotus sessilifolius ,2,0.242
233,Lotus sessilifolius ,3,0.312
233,Lotus sessilifolius ,3,0.4
234,Lotus tenellus ,1,0.493
234,Lotus tenellus ,2,0.738
234,Lotus tenellus ,3,0.242
235,Luzula canariensis ,1,0.175
235,Luzula canariensis ,2,0.189
235,Luzula canariensis ,3,0.21
449,Luzula pilosa,1,0.194
449,Luzula pilosa,2,0.135
449,Luzula pilosa,3,0.146
236,Lycium intricatum ,1,1.705
236,Lycium intricatum ,2,1.05
236,Lycium intricatum ,3,0.772
237,Mairetis microsperma ,1,0.247
237,Mairetis microsperma ,2,0.189
237,Mairetis microsperma ,3,0.282
238,Marcetella moquiniana ,1,0.135
238,Marcetella moquiniana ,2,0.096
239,Maytenus canariensis ,1,0.361
239,Maytenus canariensis ,2,0.358
239,Maytenus canariensis ,2,0.201
239,Maytenus canariensis ,3,0.231
240,Medicago laciniata ,1,0.088
240,Medicago laciniata ,2,0.065
240,Medicago laciniata ,3,0.059
242,Melica ciliata ,1,0.128
242,Melica ciliata ,1,0.128
242,Melica ciliata ,3,0.127
242,Melica ciliata ,4,0.04
243,Melica minuta ,2,0.148
243,Melica minuta ,3,0.142
244,Mercurialis canariensis ,1,0.088
244,Mercurialis canariensis ,2,0.091
244,Mercurialis canariensis ,3,0.068
246,Micromeria hyssopifolia ,1,0.227
246,Micromeria hyssopifolia ,2,0.205
246,Micromeria hyssopifolia ,3,0.152
247,Micromeria lachnophylla ,1,0.148
247,Micromeria lachnophylla ,2,0.141
247,Micromeria lachnophylla ,3,0.124
248,Micromeria lasiophylla ,1,0.238
250,Micromeria teneriffae ,1,0.139
250,Micromeria teneriffae ,1,0.139
250,Micromeria teneriffae ,2,0.211
250,Micromeria teneriffae ,3,0.148
251,Micromeria varia ,1,0.121
253,Monanthes anagensis ,2,2.184
253,Monanthes anagensis ,3,2.304
254,Monanthes brachycaulos ,1,1.952
254,Monanthes brachycaulos ,2,2.04
254,Monanthes brachycaulos ,3,2.034
256,Monanthes laxiflora ,2,3.83
257,Monanthes minima ,1,1.626
257,Monanthes minima ,1,1.626
258,Monanthes pallens ,1,0.953
258,Monanthes pallens ,2,0.544
258,Monanthes pallens ,3,0.711
258,Monanthes pallens ,4,0.793
258,Monanthes pallens ,5,0.735
259,Monanthes polyphylla ,1,0.846
259,Monanthes polyphylla ,2,0.572
261,Myrica faya ,1,0.205
263,Navaea phoenicea ,1,0.25
434,Neochamaelea pulverulenta ,1,0.821
434,Neochamaelea pulverulenta ,2,1.247
434,Neochamaelea pulverulenta ,3,0.711
264,Nepeta teydea ,1,0.276
264,Nepeta teydea ,2,0.172
264,Nepeta teydea ,3,0.134
265,Ocotea foetens ,1,0.242
266,Olea cerasiformis,3,0.478
266,Olea cerasiformis ,1,0.461
266,Olea cerasiformis ,2,0.46
267,Oligomeris linifolia ,1,0.318
267,Oligomeris linifolia ,2,0.338
267,Oligomeris linifolia ,3,0.405
268,Ononis angustissima ,1,0.209
268,Ononis angustissima ,2,0.202
268,Ononis angustissima ,3,0.195
270,Orchis patens,1,0.23
270,Orchis patens,2,0.273
272,Osyris lanceolata ,2,0.564
272,Osyris lanceolata  ,1,0.54
273,Pancratium canariense ,1,0.589
273,Pancratium canariense ,2,0.687
273,Pancratium canariense ,3,0.78
274,Parietaria filamentosa ,1,0.112
274,Parietaria filamentosa ,2,0.138
274,Parietaria filamentosa ,3,0.148
275,Parolinia intermedia ,3,0.52
275,Parolinia intermedia  ,1,0.725
275,Parolinia intermedia  ,2,0.599
276,Paronychia canariensis ,1,0.202
276,Paronychia canariensis ,2,0.244
277,Patellifolia patellaris ,1,1.276
277,Patellifolia patellaris ,2,0.67
278,Patellifolia procumbens ,1,0.418
279,Patellifolia webbiana ,1,0.734
279,Patellifolia webbiana ,2,0.976
279,Patellifolia webbiana ,3,1.014
281,Pericallis appendiculata ,2,0.324
281,Pericallis appendiculata ,3,0.286
281,Pericallis appendiculata ,4,0.343
282,Pericallis cruenta ,1,0.239
282,Pericallis cruenta ,2,0.19
282,Pericallis cruenta ,3,0.218
283,Pericallis echinata ,1,0.14
283,Pericallis echinata ,2,0.164
283,Pericallis echinata ,3,0.23
284,Pericallis lanata ,1,0.293
284,Pericallis lanata ,2,0.189
284,Pericallis lanata ,3,0.176
286,Pericallis tussilaginis ,1,0.275
286,Pericallis tussilaginis ,2,0.196
286,Pericallis tussilaginis ,3,0.232
287,Periploca laevigata ,2,0.468
287,Periploca laevigata ,3,0.367
288,Persea indica ,1,0.352
289,Phagnalon umbelliforme ,1,0.193
291,Phoenix canariensis ,1,0.276
292,Phyllis nobla ,2,0.24
292,Phyllis nobla ,3,0.259
293,Phyllis viscosa ,1,0.209
293,Phyllis viscosa ,2,0.308
293,Phyllis viscosa ,3,0.206
294,Picconia excelsa ,1,0.849
295,Pimpinella anagodendron ,1,0.071
295,Pimpinella anagodendron ,2,0.098
296,Pimpinella cumbrae ,1,0.229
296,Pimpinella cumbrae ,2,0.259
296,Pimpinella cumbrae ,3,0.248
297,Pimpinella dendrotragium ,1,0.156
297,Pimpinella dendrotragium ,2,0.186
297,Pimpinella dendrotragium ,3,0.152
298,Pimpinella rupicola ,1,0.016
298,Pimpinella rupicola ,2,0.18
298,Pimpinella rupicola ,3,0.157
299,Pinus canariensis ,1,0.571
299,Pinus canariensis ,2,0.668
300,Pistacia atlantica ,1,0.168
300,Pistacia atlantica ,2,0.151
300,Pistacia atlantica ,3,0.166
301,Pistacia lentiscus ,1,0.282
302,Plantago arborescens ,2,0.242
302,Plantago arborescens ,3,0.252
303,Plantago asphodeloides ,1,0.423
303,Plantago asphodeloides ,2,0.575
303,Plantago asphodeloides ,3,0.559
304,Plantago webbii ,1,0.721
304,Plantago webbii ,2,0.79
304,Plantago webbii ,3,0.342
304,Plantago webbii ,4,0.419
305,Pleiomeris canariensis ,1,0.242
306,Plocama pendula ,1,0.63
306,Plocama pendula ,2,0.942
306,Plocama pendula ,3,0.737
309,Polycarpaea aristata ,1,0.58
309,Polycarpaea aristata ,2,0.283
309,Polycarpaea aristata ,3,0.263
310,Polycarpaea carnosa ,1,1.452
310,Polycarpaea carnosa ,2,0.846
310,Polycarpaea carnosa ,3,0.632
313,Polycarpaea latifolia ,1,0.44
313,Polycarpaea latifolia ,2,0.331
313,Polycarpaea latifolia ,3,0.272
314,Polycarpaea nivea ,1,1.349
314,Polycarpaea nivea ,2,2.23
314,Polycarpaea nivea ,2,0.937
315,Polycarpaea tenuis ,1,0.293
315,Polycarpaea tenuis ,2,0.444
315,Polycarpaea tenuis ,3,0.28
319,Prunus lusitanica ,1,0.598
320,Pterocephalus dumetorus ,1,0.176
320,Pterocephalus dumetorus ,2,0.375
320,Pterocephalus dumetorus ,3,0.208
321,Pterocephalus lasiospermus ,1,0.238
321,Pterocephalus lasiospermus ,2,0.208
321,Pterocephalus lasiospermus ,3,0.193
322,Pterocephalus virens ,1,0.304
322,Pterocephalus virens ,2,0.429
322,Pterocephalus virens ,3,0.212
323,Ranunculus cortusifolius ,2,0.427
323,Ranunculus cortusifolius ,3,0.293
323,Ranunculus cortusifolius ,4,0.236
324,Reichardia crystallina ,1,0.324
324,Reichardia crystallina ,1,0.324
324,Reichardia crystallina ,2,0.905
324,Reichardia crystallina ,3,1.094
325,Reichardia ligulata ,1,1.133
325,Reichardia ligulata ,2,0.79
325,Reichardia ligulata ,3,0.452
326,Reseda scoparia ,1,0.79
326,Reseda scoparia ,2,0.783
326,Reseda scoparia ,3,0.722
328,Rhamnus crenulata ,1,0.204
328,Rhamnus crenulata ,2,0.186
328,Rhamnus crenulata ,2,0.311
328,Rhamnus crenulata ,3,0.342
329,Rhamnus glandulosa ,1,0.209
329,Rhamnus glandulosa ,2,0.172
330,Rhamnus integrifolia ,1,0.22
330,Rhamnus integrifolia ,2,0.222
330,Rhamnus integrifolia ,3,0.252
331,Rhus coriaria ,1,0.192
331,Rhus coriaria ,2,0.218
331,Rhus coriaria ,3,0.19
332,Romulea columnae,1,0.553
333,Rubia fruticosa ,2,0.288
333,Rubia fruticosa ,3,0.23
333,Rubia fruticosa  ,1,0.35
334,Rubia peregrina ,1,0.056
335,Rubus bollei ,1,0.166
335,Rubus bollei ,2,0.164
335,Rubus bollei ,3,0.136
336,Rubus palmensis ,1,0.176
336,Rubus palmensis ,2,0.166
336,Rubus palmensis ,3,0.174
337,Rumex bucephalophorus ,1,0.222
337,Rumex bucephalophorus ,1,0.222
337,Rumex bucephalophorus ,1,0.207
337,Rumex bucephalophorus ,2,0.275
338,Rumex lunaria ,2,0.39
339,Rumex maderensis ,1,0.328
339,Rumex maderensis ,2,0.36
339,Rumex maderensis ,3,0.318
341,Ruta pinnata ,1,0.261
341,Ruta pinnata ,2,0.255
341,Ruta pinnata ,3,0.228
342,Salix canariensis ,1,0.132
342,Salix canariensis ,2,0.159
343,Salsola divaricata ,1,2.306
343,Salsola divaricata ,2,2.204
343,Salsola divaricata ,3,1.746
345,Salvia aegyptiaca ,1,0.576
345,Salvia aegyptiaca ,1,0.235
345,Salvia aegyptiaca ,2,0.185
345,Salvia aegyptiaca ,3,0.252
346,Salvia broussonetii ,1,0.576
346,Salvia broussonetii ,2,0.404
346,Salvia broussonetii ,3,0.436
347,Salvia canariensis ,1,0.465
347,Salvia canariensis ,2,0.711
347,Salvia canariensis ,3,0.651
348,Sambucus nigra ,1,0.248
348,Sambucus nigra ,2,0.26
349,Sanguisorba megacarpa ,1,0.103
349,Sanguisorba megacarpa ,1,0.103
349,Sanguisorba megacarpa ,2,0.108
349,Sanguisorba megacarpa ,3,0.162
,Schizogyne nivea ,3,1.098
351,Schizogyne sericea,2,0.917
351,Schizogyne sericea ,1,1.757
353,Scilla haemorrhoidalis ,1,0.565
353,Scilla haemorrhoidalis ,2,0.432
355,Scrophularia arguta ,1,0.519
355,Scrophularia arguta ,2,0.544
355,Scrophularia arguta ,3,0.584
356,Scrophularia glabrata ,1,0.198
356,Scrophularia glabrata ,2,0.251
356,Scrophularia glabrata ,3,0.287
357,Scrophularia smithii ,1,0.218
357,Scrophularia smithii ,2,0.284
357,Scrophularia smithii ,3,0.342
358,Semele androgyna ,2,0.383
358,Semele androgyna ,3,0.379
359,Senecio palmensis ,1,0.453
359,Senecio palmensis ,2,0.512
359,Senecio palmensis ,3,0.558
360,Senecio teneriffae ,1,0.262
360,Senecio teneriffae ,2,0.296
362,Seseli webbii ,1,0.252
362,Seseli webbii ,2,0.381
362,Seseli webbii ,3,0.19
363,Sideritis brevicaulis ,1,0.272
363,Sideritis brevicaulis ,1,0.367
363,Sideritis brevicaulis ,2,0.404
363,Sideritis brevicaulis ,2,0.666
363,Sideritis brevicaulis ,3,1.762
364,Sideritis canariensis ,1,0.313
364,Sideritis canariensis ,2,0.78
364,Sideritis canariensis ,3,1.054
365,Sideritis cretica ,1,0.476
367,Sideritis dendro-chahorra ,2,0.378
367,Sideritis dendro-chahorra ,3,0.43
368,Sideritis eriocephala ,1,0.56
368,Sideritis eriocephala ,2,1.09
368,Sideritis eriocephala ,3,0.534
369,Sideritis infernalis ,1,0.204
369,Sideritis infernalis ,2,0.174
369,Sideritis infernalis ,3,0.194
370,Sideritis kuegleriana ,1,0.443
370,Sideritis kuegleriana ,2,0.37
370,Sideritis kuegleriana ,3,0.404
372,Sideritis macrostachys ,2,0.276
372,Sideritis macrostachys ,3,0.272
373,Sideritis nervosa ,1,0.59
373,Sideritis nervosa ,2,0.458
373,Sideritis nervosa ,3,0.288
374,Sideritis oroteneriffae ,2,0.6
374,Sideritis oroteneriffae ,3,0.444
375,Sideritis soluta ,1,0.463
375,Sideritis soluta ,2,0.322
375,Sideritis soluta ,3,0.456
376,Sideroxylon mirmulano ,1,0.249
377,Silene berthelotiana ,1,0.151
377,Silene berthelotiana ,2,0.123
377,Silene berthelotiana ,3,0.179
378,Silene lagunensis ,1,0.133
378,Silene lagunensis ,2,0.273
379,Silene nocteolens ,1,0.544
380,Smilax aspera ,2,0.238
380,Smilax aspera ,3,0.262
381,Smilax canariensis ,1,0.253
381,Smilax canariensis ,2,0.418
381,Smilax canariensis ,3,0.397
382,Solanum vespertilio ,1,0.38
383,Sonchus acaulis ,1,
383,Sonchus acaulis ,2,0.427
383,Sonchus acaulis ,3,0.455
384,Sonchus canariensis ,1,0.131
384,Sonchus canariensis ,2,0.166
384,Sonchus canariensis ,3,0.178
385,Sonchus congestus ,2,0.334
385,Sonchus congestus ,3,0.286
385,Sonchus congestus ,4,0.296
386,Sonchus fauces-orci,1,0.13
386,Sonchus fauces-orci ,2,0.068
386,Sonchus fauces-orci ,3,0.072
387,Sonchus gummifer ,1,0.146
387,Sonchus gummifer ,2,0.16
387,Sonchus gummifer ,2,0.16
387,Sonchus gummifer ,3,0.17
387,Sonchus gummifer ,4,0.167
388,Sonchus radicatus ,2,0.776
389,Sonchus tectifolius ,1,0.154
389,Sonchus tectifolius ,2,0.161
389,Sonchus tectifolius ,3,0.162
391,Spartocytisus filipes ,1,0.08
391,Spartocytisus filipes ,2,
391,Spartocytisus filipes ,3,0.1
392,Spartocytisus supranubius ,1,2.805
392,Spartocytisus supranubius ,2,2.752
393,Stachys germanica ,1,0.531
393,Stachys germanica ,2,0.506
393,Stachys germanica ,3,0.53
396,Suaeda mollis ,1,1.009
396,Suaeda mollis ,2,0.902
397,Suaeda vera ,3,0.894
399,Tamarix canariensis ,3,
400,Tamus edulis ,1,0.168
401,Teline canariensis ,2,0.085
401,Teline canariensis ,2,0.14
401,Teline canariensis ,3,0.124
402,Teline osyrioides ,1,0.146
402,Teline osyrioides ,2,0.354
403,Teline pallida ,1,0.228
405,Teline stenopetala ,1,0.208
405,Teline stenopetala ,2,0.222
406,Tetraena fontanesii ,1,4.091
406,Tetraena fontanesii ,2,4.554
406,Tetraena fontanesii ,3,3.835
407,Teucrium heterophyllum ,1,0.166
407,Teucrium heterophyllum ,2,0.214
407,Teucrium heterophyllum ,3,0.224
408,Tinguarra cervariaefolia ,1,0.128
408,Tinguarra cervariaefolia ,2,0.178
408,Tinguarra cervariaefolia ,2,0.178
408,Tinguarra cervariaefolia ,3,0.143
408,Tinguarra cervariaefolia ,3,0.143
409,Todaroa aurea ,1,0.123
409,Todaroa aurea ,2,0.305
409,Todaroa aurea ,3,0.202
410,Todaroa montana ,1,0.151
410,Todaroa montana ,2,0.148
410,Todaroa montana ,3,0.177
414,Tolpis lagopoda ,2,0.106
414,Tolpis lagopoda ,3,0.224
415,Tolpis webbii ,1,0.151
415,Tolpis webbii ,2,0.152
415,Tolpis webbii ,3,0.174
417,Tricholaena teneriffae ,1,0.144
417,Tricholaena teneriffae ,2,0.127
417,Tricholaena teneriffae ,3,0.157
417,Tricholaena teneriffae ,4,0.118
417,Tricholaena teneriffae ,5,0.135
419,Urtica morifolia ,1,0.21
420,Urtica stachyoides ,1,0.172
420,Urtica stachyoides ,2,0.068
420,Urtica stachyoides ,3,0.08
421,Viburnum rigidum ,1,0.327
422,Vicia cirrhosa ,1,0.103
422,Vicia cirrhosa ,2,0.01
422,Vicia cirrhosa ,3,0.162
423,Vicia scandens ,1,0.106
424,Vieria laevigata ,1,0.923
424,Vieria laevigata ,2,0.414
424,Vieria laevigata ,3,0.646
425,Viola anagae ,1,0.032
425,Viola anagae ,2,0.037
425,Viola anagae ,3,0.044
426,Viola cheiranthifolia ,1,0.356
426,Viola cheiranthifolia ,2,0.284
426,Viola cheiranthifolia ,3,0.34
427,Viola kitaibeliana ,1,0.089
427,Viola kitaibeliana ,2,0.106
427,Viola kitaibeliana ,3,0.086
429,Visnea mocanera ,1,0.352
429,Visnea mocanera ,2,0.33
429,Visnea mocanera ,3,0.283
430,Volutaria canariensis ,1,0.256
430,Volutaria canariensis ,2,0.324
430,Volutaria canariensis ,3,0.394
431,Wahlenbergia lobelioides ,1,0.132
431,Wahlenbergia lobelioides ,2,0.083
431,Wahlenbergia lobelioides ,3,0.084
432,Withania aristata ,1,0.254
